$Date,$Time,TEMPERATURA,SETPOINT,SALIDACONTROL,CAUDAL_FILTRADO,CAUDAL
03/13/17,18:58:31,29.14,35,20,654.5507,657
03/13/17,18:58:32,29.14,35,20,654.5984,653
03/13/17,18:58:33,29.22,35,20,654.7697,652
03/13/17,18:58:34,29.13,35,20,654.6786,662
03/13/17,18:58:35,29.12,35,20,654.8597,654
03/13/17,18:58:36,29.12,35,20,655.3191,662
03/13/17,18:58:37,29.18,35,20,655.9053,653
03/13/17,18:58:38,29.14,35,20,656.0178,661
03/13/17,18:58:39,29.14,35,20,655.5146,657
03/13/17,18:58:40,29.14,35,20,654.6073,652
03/13/17,18:58:41,29.12,35,20,654.5789,661
03/13/17,18:58:42,29.06,35,20,654.473,652
03/13/17,18:58:43,29.09,35,20,654.2724,662
03/13/17,18:58:44,29.07,35,20,654.9059,652
03/13/17,18:58:45,29.08,35,20,655.1853,657
03/13/17,18:58:46,29.06,35,20,655.2872,656
03/13/17,18:58:47,29.09,35,20,655.7016,654
03/13/17,18:58:48,29.08,35,20,655.3138,663
03/13/17,18:58:49,29.16,35,20,656.2536,657
03/13/17,18:58:50,29.07,35,20,657.2242,662
03/13/17,18:58:51,29.07,35,20,656.8643,650
03/13/17,18:58:52,29.09,35,20,655.9894,653
03/13/17,18:58:53,29.09,35,20,655.5873,660
03/13/17,18:58:54,29.1,35,20,654.9507,657
03/13/17,18:58:55,29.09,35,20,652.9387,644
03/13/17,18:58:56,29.09,35,20,651.7646,654
03/13/17,18:58:57,29.09,35,20,651.3751,652
03/13/17,18:58:58,29.09,35,20,651.3196,655
03/13/17,18:58:59,29.09,35,20,652.7389,672
03/13/17,18:59:00,29.09,35,20,654.3685,655
03/13/17,18:59:01,29.1,35,20,653.1785,649
03/13/17,18:59:02,29.09,35,20,651.4459,644
03/13/17,18:59:03,29.09,35,20,651.933,660
03/13/17,18:59:04,29.09,35,20,652.0835,654
03/13/17,18:59:05,29.1,35,20,651.6874,650
03/13/17,18:59:06,29.1,35,20,652.1071,659
03/13/17,18:59:07,29.09,35,20,651.6991,644
03/13/17,18:59:08,29.09,35,20,652.8424,662
03/13/17,18:59:09,29.09,35,20,654.4148,660
03/13/17,18:59:10,29.1,35,20,655.3395,657
03/13/17,18:59:11,29.09,35,20,656.6024,672
03/13/17,18:59:12,29.08,35,20,657.9296,654
03/13/17,18:59:13,29.08,35,20,657.46,657
03/13/17,18:59:14,29.08,35,20,657.3984,646
03/13/17,18:59:15,29.08,35,20,656.1443,647
03/13/17,18:59:16,29.08,35,20,655.442,645
03/13/17,18:59:17,29.09,35,20,654.7161,642
03/13/17,18:59:18,29.08,35,20,654.3823,656
03/13/17,18:59:19,29.08,35,20,655.5342,656
03/13/17,18:59:20,29.1,35,20,656.9725,669
03/13/17,18:59:21,29.09,35,20,659.0382,655
03/13/17,18:59:22,29.1,35,20,659.389,659
03/13/17,18:59:23,29.08,35,20,660.4351,668
03/13/17,18:59:24,29.11,35,20,661.7615,659
03/13/17,18:59:25,29.09,35,20,661.7623,667
03/13/17,18:59:26,29.13,35,20,662.2805,655
03/13/17,18:59:27,29.13,35,20,662.6061,668
03/13/17,18:59:28,29.13,35,20,662.0706,651
03/13/17,18:59:29,29.14,35,20,660.5959,658
03/13/17,18:59:30,29.14,35,20,660.2397,666
03/13/17,18:59:31,29.15,35,20,660.091,653
03/13/17,18:59:32,29.16,35,20,659.0385,654
03/13/17,18:59:33,29.16,35,20,658.1854,653
03/13/17,18:59:34,29.16,35,20,657.6992,658
03/13/17,18:59:35,29.15,35,20,658.4482,668
03/13/17,18:59:36,29.15,35,20,658.8979,656
03/13/17,18:59:37,29.24,35,20,658.8043,662
03/13/17,18:59:38,29.16,35,20,658.2682,647
03/13/17,18:59:39,29.16,35,20,656.6201,649
03/13/17,18:59:40,29.16,35,20,655.7992,657
03/13/17,18:59:41,29.2,35,20,655.5458,648
03/13/17,18:59:42,29.15,35,20,655.1149,664
03/13/17,18:59:43,29.15,35,20,655.2797,646
03/13/17,18:59:44,29.16,35,20,654.7454,658
03/13/17,18:59:45,29.16,35,20,655.1955,658
03/13/17,18:59:46,29.16,35,20,655.3271,651
03/13/17,18:59:47,29.16,35,20,653.5538,653
03/13/17,18:59:48,29.16,35,20,653.5388,662
03/13/17,18:59:49,29.16,35,20,655.3059,668
03/13/17,18:59:50,29.16,35,20,655.9374,656
03/13/17,18:59:51,29.17,35,20,655.8994,655
03/13/17,18:59:52,29.16,35,20,655.8398,650
03/13/17,18:59:53,29.25,35,20,654.114,638
03/13/17,18:59:54,29.18,35,20,652.5604,656
03/13/17,18:59:55,29.18,35,20,653.0181,653
03/13/17,18:59:56,29.16,35,20,654.0444,667
03/13/17,18:59:57,29.23,35,20,655.0626,651
03/13/17,18:59:58,29.13,35,20,655.1913,654
03/13/17,18:59:59,29.17,35,20,655.2703,654
03/13/17,19:00:00,29.15,35,20,655.0584,647
03/13/17,19:00:01,29.17,35,20,653.9123,652
03/13/17,19:00:02,29.14,35,20,653.5344,644
03/13/17,19:00:03,29.13,35,20,652.9253,650
03/13/17,19:00:04,29.13,35,20,652.8588,648
03/13/17,19:00:05,29.19,35,20,652.6588,646
03/13/17,19:00:06,29.15,35,20,653.061,660
03/13/17,19:00:07,29.15,35,20,654.1155,651
03/13/17,19:00:08,29.19,35,20,655.2876,662
03/13/17,19:00:09,29.25,35,20,655.7808,646
03/13/17,19:00:10,29.19,35,20,654.5041,647
03/13/17,19:00:11,29.18,35,20,654.0889,662
03/13/17,19:00:12,29.18,35,20,655.2693,656
03/13/17,19:00:13,29.26,35,20,655.809,665
03/13/17,19:00:14,29.2,35,20,656.3599,651
03/13/17,19:00:15,29.2,35,20,656.4288,659
03/13/17,19:00:16,29.18,35,20,656.4337,659
03/13/17,19:00:17,29.24,35,20,656.6009,659
03/13/17,19:00:18,29.16,35,20,657.2644,667
03/13/17,19:00:19,29.16,35,20,657.0648,646
03/13/17,19:00:20,29.17,35,20,654.9897,651
03/13/17,19:00:21,29.2,35,20,654.2015,657
03/13/17,19:00:22,29.15,35,20,654.0821,657
03/13/17,19:00:23,29.15,35,20,654.9711,673
03/13/17,19:00:24,29.16,35,20,657.3534,669
03/13/17,19:00:25,29.21,35,20,659.3444,671
03/13/17,19:00:26,29.17,35,20,660.5486,654
03/13/17,19:00:27,29.17,35,20,659.871,655
03/13/17,19:00:28,29.17,35,20,659.7769,651
03/13/17,19:00:29,29.24,35,20,659.4319,650
03/13/17,19:00:30,29.14,35,20,658.7073,651
03/13/17,19:00:31,29.13,35,20,656.6481,637
03/13/17,19:00:32,29.12,35,20,654.3179,653
03/13/17,19:00:33,29.2,35,20,654.4025,649
03/13/17,19:00:34,29.14,35,20,654.9095,660
03/13/17,19:00:35,29.11,35,20,656.0042,661
03/13/17,19:00:36,29.15,35,20,656.946,660
03/13/17,19:00:37,29.16,35,20,657.8712,667
03/13/17,19:00:38,29.16,35,20,657.2411,647
03/13/17,19:00:39,29.14,35,20,656.6636,660
03/13/17,19:00:40,29.18,35,20,656.3176,654
03/13/17,19:00:41,29.21,35,20,655.9913,656
03/13/17,19:00:42,29.2,35,20,656.1095,668
03/13/17,19:00:43,29.2,35,20,657.1402,656
03/13/17,19:00:44,29.2,35,20,657.5715,668
03/13/17,19:00:45,29.24,35,20,658.6453,659
03/13/17,19:00:46,29.2,35,20,658.5561,660
03/13/17,19:00:47,29.18,35,20,658.2963,666
03/13/17,19:00:48,29.18,35,20,657.4796,648
03/13/17,19:00:49,29.24,35,20,654.7078,651
03/13/17,19:00:50,29.17,35,20,652.6794,641
03/13/17,19:00:51,29.15,35,20,652.201,659
03/13/17,19:00:52,29.14,35,20,652.1733,657
03/13/17,19:00:53,29.22,35,20,652.1926,652
03/13/17,19:00:54,29.14,35,20,652.2534,663
03/13/17,19:00:55,29.13,35,20,652.7744,652
03/13/17,19:00:56,29.14,35,20,653.6345,665
03/13/17,19:00:57,29.16,35,20,654.818,656
03/13/17,19:00:58,29.15,35,20,653.7912,646
03/13/17,19:00:59,29.15,35,20,653.0943,661
03/13/17,19:01:00,29.17,35,20,652.8961,645
03/13/17,19:01:01,29.21,35,20,653.2789,662
03/13/17,19:01:02,29.18,35,20,654.8594,650
03/13/17,19:01:03,29.18,35,20,654.9075,654
03/13/17,19:01:04,29.18,35,20,655.1799,646
03/13/17,19:01:05,29.24,35,20,655.3958,648
03/13/17,19:01:06,29.17,35,20,655.3932,657
03/13/17,19:01:07,29.18,35,20,654.8268,640
03/13/17,19:01:08,29.18,35,20,652.9913,651
03/13/17,19:01:09,29.24,35,20,652.5385,644
03/13/17,19:01:10,29.19,35,20,652.7399,660
03/13/17,19:01:11,29.18,35,20,653.7288,661
03/13/17,19:01:12,29.22,35,20,654.4166,656
03/13/17,19:01:13,29.22,35,20,653.4321,656
03/13/17,19:01:14,29.22,35,20,651.8859,643
03/13/17,19:01:15,29.23,35,20,651.0854,659
03/13/17,19:01:16,29.22,35,20,652.192,660
03/13/17,19:01:17,29.23,35,20,653.6542,663
03/13/17,19:01:18,29.22,35,20,653.7814,663
03/13/17,19:01:19,29.22,35,20,653.4678,647
03/13/17,19:01:20,29.22,35,20,653.6191,668
03/13/17,19:01:21,29.23,35,20,655.7598,662
03/13/17,19:01:22,29.2,35,20,656.6984,658
03/13/17,19:01:23,29.2,35,20,656.358,658
03/13/17,19:01:24,29.19,35,20,655.3845,644
03/13/17,19:01:25,29.22,35,20,654.3992,655
03/13/17,19:01:26,29.18,35,20,653.7676,644
03/13/17,19:01:27,29.18,35,20,653.7143,653
03/13/17,19:01:28,29.17,35,20,653.7471,654
03/13/17,19:01:29,29.18,35,20,654.1431,653
03/13/17,19:01:30,29.19,35,20,654.6275,658
03/13/17,19:01:31,29.2,35,20,654.2996,639
03/13/17,19:01:32,29.2,35,20,652.8235,642
03/13/17,19:01:33,29.21,35,20,652.1912,647
03/13/17,19:01:34,29.21,35,20,652.0042,646
03/13/17,19:01:35,29.21,35,20,651.7354,653
03/13/17,19:01:36,29.22,35,20,651.878,646
03/13/17,19:01:37,29.25,35,20,651.8344,650
03/13/17,19:01:38,29.23,35,20,651.173,642
03/13/17,19:01:39,29.23,35,20,650.9485,652
03/13/17,19:01:40,29.23,35,20,650.3448,643
03/13/17,19:01:41,29.26,35,20,650.1776,647
03/13/17,19:01:42,29.22,35,20,650.0045,656
03/13/17,19:01:43,29.22,35,20,650.4559,652
03/13/17,19:01:44,29.22,35,20,652.2957,670
03/13/17,19:01:45,29.21,35,20,654.0444,667
03/13/17,19:01:46,29.18,35,20,653.7809,647
03/13/17,19:01:47,29.21,35,20,651.5996,637
03/13/17,19:01:48,29.19,35,20,648.9081,633
03/13/17,19:01:49,29.2,35,20,647.562,652
03/13/17,19:01:50,29.17,35,20,648.6368,644
03/13/17,19:01:51,29.17,35,20,649.3033,655
03/13/17,19:01:52,29.16,35,20,651.3002,653
03/13/17,19:01:53,29.16,35,20,652.3652,651
03/13/17,19:01:54,29.16,35,20,653.2861,660
03/13/17,19:01:55,29.17,35,20,653.6878,647
03/13/17,19:01:56,29.17,35,20,654.493,665
03/13/17,19:01:57,29.18,35,20,655.9286,652
03/13/17,19:01:58,29.2,35,20,656.2784,661
03/13/17,19:01:59,29.21,35,20,657.3215,669
03/13/17,19:02:00,29.22,35,20,657.8505,650
03/13/17,19:02:01,29.22,35,20,655.7239,654
03/13/17,19:02:02,29.21,35,20,655.0804,647
03/13/17,19:02:03,29.23,35,20,654.4523,657
03/13/17,19:02:04,29.23,35,20,654.4728,658
03/13/17,19:02:05,29.24,35,20,653.9532,650
03/13/17,19:02:06,29.23,35,20,654.0839,670
03/13/17,19:02:07,29.24,35,20,654.7294,653
03/13/17,19:02:08,29.24,35,20,653.9646,653
03/13/17,19:02:09,29.23,35,20,653.0488,654
03/13/17,19:02:10,29.22,35,20,652.2864,647
03/13/17,19:02:11,29.21,35,20,651.7337,664
03/13/17,19:02:12,29.2,35,20,653.3005,659
03/13/17,19:02:13,29.2,35,20,655.213,667
03/13/17,19:02:14,29.2,35,20,656.751,659
03/13/17,19:02:15,29.19,35,20,657.1755,655
03/13/17,19:02:16,29.19,35,20,656.6171,644
03/13/17,19:02:17,29.2,35,20,655.1789,638
03/13/17,19:02:18,29.21,35,20,653.5933,648
03/13/17,19:02:19,29.21,35,20,652.8737,642
03/13/17,19:02:20,29.22,35,20,653.2006,663
03/13/17,19:02:21,29.21,35,20,653.8635,654
03/13/17,19:02:22,29.22,35,20,654.1831,655
03/13/17,19:02:23,29.23,35,20,653.3338,644
03/13/17,19:02:24,29.31,35,20,651.9847,642
03/13/17,19:02:25,29.22,35,20,650.8071,648
03/13/17,19:02:26,29.25,35,20,649.2281,633
03/13/17,19:02:27,29.22,35,20,648.1929,650
03/13/17,19:02:28,29.29,35,20,649.5162,656
03/13/17,19:02:29,29.22,35,20,650.9578,657
03/13/17,19:02:30,29.23,35,20,652.8409,668
03/13/17,19:02:31,29.24,35,20,653.1808,644
03/13/17,19:02:32,29.24,35,20,653.1987,664
03/13/17,19:02:33,29.24,35,20,654.2394,654
03/13/17,19:02:34,29.25,35,20,655.5236,667
03/13/17,19:02:35,29.24,35,20,657.5483,675
03/13/17,19:02:36,29.24,35,20,657.9778,653
03/13/17,19:02:37,29.23,35,20,657.4387,667
03/13/17,19:02:38,29.22,35,20,657.9334,655
03/13/17,19:02:39,29.2,35,20,659.0999,664
03/13/17,19:02:40,29.28,35,20,660.1636,666
03/13/17,19:02:41,29.21,35,20,660.5233,654
03/13/17,19:02:42,29.21,35,20,659.3745,656
03/13/17,19:02:43,29.21,35,20,658.3143,639
03/13/17,19:02:44,29.26,35,20,656.2518,646
03/13/17,19:02:45,29.22,35,20,655.4771,649
03/13/17,19:02:46,29.22,35,20,655.1804,653
03/13/17,19:02:47,29.23,35,20,655.5165,667
03/13/17,19:02:48,29.24,35,20,656.2159,652
03/13/17,19:02:49,29.25,35,20,655.7412,657
03/13/17,19:02:50,29.24,35,20,655.7349,657
03/13/17,19:02:51,29.25,35,20,656.1888,658
03/13/17,19:02:52,29.25,35,20,655.2538,657
03/13/17,19:02:53,29.25,35,20,653.6138,644
03/13/17,19:02:54,29.24,35,20,652.5075,650
03/13/17,19:02:55,29.23,35,20,651.1917,641
03/13/17,19:02:56,29.32,35,20,650.7991,657
03/13/17,19:02:57,29.24,35,20,651.7335,662
03/13/17,19:02:58,29.23,35,20,653.3094,659
03/13/17,19:02:59,29.22,35,20,654.027,662
03/13/17,19:03:00,29.3,35,20,654.687,654
03/13/17,19:03:01,29.21,35,20,655.686,665
03/13/17,19:03:02,29.25,35,20,655.4008,644
03/13/17,19:03:03,29.23,35,20,655.064,660
03/13/17,19:03:04,29.34,35,20,655.5549,655
03/13/17,19:03:05,29.24,35,20,656.0677,660
03/13/17,19:03:06,29.26,35,20,656.4702,668
03/13/17,19:03:07,29.26,35,20,655.7986,643
03/13/17,19:03:08,29.3,35,20,653.2934,655
03/13/17,19:03:09,29.24,35,20,652.8757,652
03/13/17,19:03:10,29.24,35,20,653.005,658
03/13/17,19:03:11,29.23,35,20,653.4545,661
03/13/17,19:03:12,29.3,35,20,653.3325,650
03/13/17,19:03:13,29.23,35,20,653.5784,663
03/13/17,19:03:14,29.23,35,20,654.6683,649
03/13/17,19:03:15,29.23,35,20,654.5427,651
03/13/17,19:03:16,29.33,35,20,654.872,658
03/13/17,19:03:17,29.25,35,20,656.4839,656
03/13/17,19:03:18,29.28,35,20,656.775,660
03/13/17,19:03:19,29.28,35,20,655.98,642
03/13/17,19:03:20,29.37,35,20,654.6368,654
03/13/17,19:03:21,29.29,35,20,654.5325,655
03/13/17,19:03:22,29.29,35,20,653.8443,651
03/13/17,19:03:23,29.29,35,20,652.8729,660
03/13/17,19:03:24,29.33,35,20,652.2382,648
03/13/17,19:03:25,29.28,35,20,652.873,664
03/13/17,19:03:26,29.26,35,20,653.9792,650
03/13/17,19:03:27,29.26,35,20,653.8858,651
03/13/17,19:03:28,29.33,35,20,653.4652,655
03/13/17,19:03:29,29.27,35,20,653.9005,650
03/13/17,19:03:30,29.27,35,20,654.2841,661
03/13/17,19:03:31,29.29,35,20,655.9074,658
03/13/17,19:03:32,29.38,35,20,657.0295,669
03/13/17,19:03:33,29.31,35,20,656.9603,657
03/13/17,19:03:34,29.3,35,20,655.1147,651
03/13/17,19:03:35,29.31,35,20,653.7687,661
03/13/17,19:03:36,29.38,35,20,654.6763,659
03/13/17,19:03:37,29.3,35,20,655.4081,664
03/13/17,19:03:38,29.27,35,20,654.9734,644
03/13/17,19:03:39,29.28,35,20,655.2186,661
03/13/17,19:03:40,29.34,35,20,655.5333,645
03/13/17,19:03:41,29.25,35,20,654.2579,643
03/13/17,19:03:42,29.28,35,20,653.3679,657
03/13/17,19:03:43,29.27,35,20,653.3537,644
03/13/17,19:03:44,29.32,35,20,653.0913,657
03/13/17,19:03:45,29.3,35,20,652.4103,646
03/13/17,19:03:46,29.3,35,20,652.5408,655
03/13/17,19:03:47,29.28,35,20,652.4003,659
03/13/17,19:03:48,29.32,35,20,652.9044,657
03/13/17,19:03:49,29.28,35,20,653.3969,660
03/13/17,19:03:50,29.26,35,20,652.4886,645
03/13/17,19:03:51,29.26,35,20,652.0503,658
03/13/17,19:03:52,29.33,35,20,653.1552,666
03/13/17,19:03:53,29.25,35,20,655.1111,661
03/13/17,19:03:54,29.25,35,20,656.3052,670
03/13/17,19:03:55,29.24,35,20,657.608,656
03/13/17,19:03:56,29.31,35,20,658.5777,665
03/13/17,19:03:57,29.23,35,20,658.4432,652
03/13/17,19:03:58,29.25,35,20,658.0469,653
03/13/17,19:03:59,29.25,35,20,657.4471,654
03/13/17,19:04:00,29.26,35,20,655.6675,634
03/13/17,19:04:01,29.25,35,20,652.8774,638
03/13/17,19:04:02,29.25,35,20,650.9915,641
03/13/17,19:04:03,29.26,35,20,651.392,652
03/13/17,19:04:04,29.3,35,20,651.6076,654
03/13/17,19:04:05,29.29,35,20,651.1834,645
03/13/17,19:04:06,29.33,35,20,651.0936,660
03/13/17,19:04:07,29.32,35,20,652.5428,656
03/13/17,19:04:08,29.39,35,20,653.0927,657
03/13/17,19:04:09,29.32,35,20,651.7042,651
03/13/17,19:04:10,29.33,35,20,650.2902,643
03/13/17,19:04:11,29.31,35,20,648.4915,652
03/13/17,19:04:12,29.37,35,20,648.6149,647
03/13/17,19:04:13,29.28,35,20,648.5532,651
03/13/17,19:04:14,29.27,35,20,649.3015,644
03/13/17,19:04:15,29.28,35,20,650.007,651
03/13/17,19:04:16,29.3,35,20,649.3312,638
03/13/17,19:04:17,29.3,35,20,648.9826,652
03/13/17,19:04:18,29.33,35,20,650.4843,668
03/13/17,19:04:19,29.31,35,20,653.0259,662
03/13/17,19:04:20,29.35,35,20,654.4256,662
03/13/17,19:04:21,29.35,35,20,655.0424,655
03/13/17,19:04:22,29.33,35,20,655.4178,662
03/13/17,19:04:23,29.33,35,20,655.3212,661
03/13/17,19:04:24,29.33,35,20,654.5215,649
03/13/17,19:04:25,29.31,35,20,653.1368,656
03/13/17,19:04:26,29.3,35,20,652.0022,641
03/13/17,19:04:27,29.29,35,20,651.776,654
03/13/17,19:04:28,29.33,35,20,652.3142,656
03/13/17,19:04:29,29.29,35,20,652.3989,648
03/13/17,19:04:30,29.29,35,20,651.2568,647
03/13/17,19:04:31,29.3,35,20,650.0219,641
03/13/17,19:04:32,29.29,35,20,650.7039,657
03/13/17,19:04:33,29.3,35,20,651.2207,644
03/13/17,19:04:34,29.3,35,20,650.5566,644
03/13/17,19:04:35,29.3,35,20,650.7251,653
03/13/17,19:04:36,29.29,35,20,650.9456,646
03/13/17,19:04:37,29.29,35,20,651.5493,655
03/13/17,19:04:38,29.3,35,20,650.937,641
03/13/17,19:04:39,29.3,35,20,650.785,653
03/13/17,19:04:40,29.33,35,20,651.9739,664
03/13/17,19:04:41,29.32,35,20,652.2678,649
03/13/17,19:04:42,29.32,35,20,651.194,651
03/13/17,19:04:43,29.32,35,20,650.4102,644
03/13/17,19:04:44,29.35,35,20,650.2684,658
03/13/17,19:04:45,29.31,35,20,650.4581,657
03/13/17,19:04:46,29.31,35,20,649.5392,647
03/13/17,19:04:47,29.3,35,20,649.745,663
03/13/17,19:04:48,29.3,35,20,650.98,648
03/13/17,19:04:49,29.28,35,20,650.6272,650
03/13/17,19:04:50,29.28,35,20,651.6489,650
03/13/17,19:04:51,29.28,35,20,653.8466,667
03/13/17,19:04:52,29.32,35,20,654.9883,650
03/13/17,19:04:53,29.29,35,20,654.6,655
03/13/17,19:04:54,29.33,35,20,653.8392,655
03/13/17,19:04:55,29.31,35,20,652.4941,643
03/13/17,19:04:56,29.34,35,20,651.0333,652
03/13/17,19:04:57,29.33,35,20,649.5538,642
03/13/17,19:04:58,29.33,35,20,648.9312,655
03/13/17,19:04:59,29.32,35,20,650.233,666
03/13/17,19:05:00,29.31,35,20,651.73,654
03/13/17,19:05:01,29.29,35,20,651.8002,658
03/13/17,19:05:02,29.29,35,20,651.0267,635
03/13/17,19:05:03,29.3,35,20,649.7667,644
03/13/17,19:05:04,29.3,35,20,649.261,648
03/13/17,19:05:05,29.3,35,20,650.2739,656
03/13/17,19:05:06,29.31,35,20,653.2427,670
03/13/17,19:05:07,29.31,35,20,655.928,658
03/13/17,19:05:08,29.31,35,20,657.8822,664
03/13/17,19:05:09,29.32,35,20,658.2951,652
03/13/17,19:05:10,29.32,35,20,658.1819,655
03/13/17,19:05:11,29.32,35,20,657.5118,660
03/13/17,19:05:12,29.32,35,20,657.1857,652
03/13/17,19:05:13,29.31,35,20,656.967,662
03/13/17,19:05:14,29.33,35,20,656.3948,650
03/13/17,19:05:15,29.33,35,20,655.3434,656
03/13/17,19:05:16,29.34,35,20,654.7903,662
03/13/17,19:05:17,29.33,35,20,654.1888,645
03/13/17,19:05:18,29.32,35,20,652.517,650
03/13/17,19:05:19,29.31,35,20,651.454,639
03/13/17,19:05:20,29.3,35,20,650.6503,653
03/13/17,19:05:21,29.31,35,20,650.395,648
03/13/17,19:05:22,29.32,35,20,649.9787,657
03/13/17,19:05:23,29.34,35,20,651.2194,664
03/13/17,19:05:24,29.34,35,20,651.4443,648
03/13/17,19:05:25,29.33,35,20,650.0358,651
03/13/17,19:05:26,29.32,35,20,649.3704,637
03/13/17,19:05:27,29.31,35,20,647.7866,641
03/13/17,19:05:28,29.3,35,20,647.3324,642
03/13/17,19:05:29,29.29,35,20,647.519,642
03/13/17,19:05:30,29.3,35,20,646.4625,638
03/13/17,19:05:31,29.32,35,20,646.0349,651
03/13/17,19:05:32,29.33,35,20,645.4935,639
03/13/17,19:05:33,29.31,35,20,645.4683,648
03/13/17,19:05:34,29.3,35,20,645.6726,647
03/13/17,19:05:35,29.31,35,20,647.5387,659
03/13/17,19:05:36,29.32,35,20,648.9585,657
03/13/17,19:05:37,29.32,35,20,648.1693,635
03/13/17,19:05:38,29.33,35,20,646.3519,642
03/13/17,19:05:39,29.34,35,20,646.4084,649
03/13/17,19:05:40,29.34,35,20,648.6525,656
03/13/17,19:05:41,29.32,35,20,648.3364,650
03/13/17,19:05:42,29.33,35,20,648.8008,649
03/13/17,19:05:43,29.35,35,20,649.3102,657
03/13/17,19:05:44,29.35,35,20,649.2272,642
03/13/17,19:05:45,29.34,35,20,649.6592,649
03/13/17,19:05:46,29.33,35,20,649.2493,651
03/13/17,19:05:47,29.31,35,20,649.0228,643
03/13/17,19:05:48,29.36,35,20,648.5451,656
03/13/17,19:05:49,29.34,35,20,648.6998,656
03/13/17,19:05:50,29.36,35,20,648.8028,652
03/13/17,19:05:51,29.38,35,20,648.5454,647
03/13/17,19:05:52,29.39,35,20,649.4822,653
03/13/17,19:05:53,29.39,35,20,649.5125,656
03/13/17,19:05:54,29.39,35,20,650.0393,650
03/13/17,19:05:55,29.38,35,20,651.1395,660
03/13/17,19:05:56,29.37,35,20,651.7646,651
03/13/17,19:05:57,29.33,35,20,652.3813,654
03/13/17,19:05:58,29.33,35,20,652.5782,649
03/13/17,19:05:59,29.31,35,20,653.1721,647
03/13/17,19:06:00,29.34,35,20,652.0835,651
03/13/17,19:06:01,29.32,35,20,652.2712,652
03/13/17,19:06:02,29.31,35,20,653.419,664
03/13/17,19:06:03,29.32,35,20,653.649,654
03/13/17,19:06:04,29.36,35,20,652.6935,650
03/13/17,19:06:05,29.34,35,20,651.2599,641
03/13/17,19:06:06,29.35,35,20,648.8485,636
03/13/17,19:06:07,29.34,35,20,647.4455,650
03/13/17,19:06:08,29.37,35,20,647.1837,643
03/13/17,19:06:09,29.34,35,20,647.5055,652
03/13/17,19:06:10,29.37,35,20,647.8693,646
03/13/17,19:06:11,29.35,35,20,647.92,646
03/13/17,19:06:12,29.35,35,20,647.9962,654
03/13/17,19:06:13,29.36,35,20,646.756,634
03/13/17,19:06:14,29.36,35,20,646.7361,654
03/13/17,19:06:15,29.36,35,20,647.2629,646
03/13/17,19:06:16,29.34,35,20,647.9554,647
03/13/17,19:06:17,29.34,35,20,646.9301,643
03/13/17,19:06:18,29.34,35,20,645.8245,642
03/13/17,19:06:19,29.35,35,20,647.254,663
03/13/17,19:06:20,29.36,35,20,648.4335,642
03/13/17,19:06:21,29.34,35,20,648.222,649
03/13/17,19:06:22,29.35,35,20,648.8959,656
03/13/17,19:06:23,29.36,35,20,649.8971,650
03/13/17,19:06:24,29.36,35,20,650.9131,663
03/13/17,19:06:25,29.36,35,20,652.0435,653
03/13/17,19:06:26,29.36,35,20,653.545,661
03/13/17,19:06:27,29.37,35,20,653.8882,653
03/13/17,19:06:28,29.36,35,20,654.5874,657
03/13/17,19:06:29,29.35,35,20,655.5533,669
03/13/17,19:06:30,29.35,35,20,656.4933,653
03/13/17,19:06:31,29.33,35,20,656.3323,661
03/13/17,19:06:32,29.35,35,20,656.3583,649
03/13/17,19:06:33,29.36,35,20,655.1121,646
03/13/17,19:06:34,29.36,35,20,653.4221,638
03/13/17,19:06:35,29.37,35,20,651.1392,635
03/13/17,19:06:36,29.39,35,20,649.5476,647
03/13/17,19:06:37,29.39,35,20,648.1487,634
03/13/17,19:06:38,29.39,35,20,647.597,650
03/13/17,19:06:39,29.39,35,20,646.08,643
03/13/17,19:06:40,29.38,35,20,645.6484,646
03/13/17,19:06:41,29.37,35,20,645.676,647
03/13/17,19:06:42,29.34,35,20,646.7654,652
03/13/17,19:06:43,29.34,35,20,647.2009,652
03/13/17,19:06:44,29.31,35,20,646.4316,641
03/13/17,19:06:45,29.33,35,20,648.0991,661
03/13/17,19:06:46,29.31,35,20,648.8338,646
03/13/17,19:06:47,29.35,35,20,649.2065,652
03/13/17,19:06:48,29.35,35,20,650.2385,663
03/13/17,19:06:49,29.35,35,20,650.5238,642
03/13/17,19:06:50,29.35,35,20,649.2148,645
03/13/17,19:06:51,29.38,35,20,646.7822,635
03/13/17,19:06:52,29.34,35,20,643.834,632
03/13/17,19:06:53,29.35,35,20,642.7442,646
03/13/17,19:06:54,29.35,35,20,643.5603,648
03/13/17,19:06:55,29.36,35,20,645.6574,660
03/13/17,19:06:56,29.37,35,40,646.3467,640
03/13/17,19:06:57,29.36,35,40,647.2156,652
03/13/17,19:06:58,29.37,35,40,647.567,651
03/13/17,19:06:59,29.36,35,40,647.9106,646
03/13/17,19:07:00,29.36,35,40,648.3034,656
03/13/17,19:07:01,29.34,35,40,647.626,639
03/13/17,19:07:02,29.34,35,40,647.6141,653
03/13/17,19:07:03,29.41,35,40,648.5309,653
03/13/17,19:07:04,29.34,35,40,649.1898,648
03/13/17,19:07:05,29.34,35,40,648.1841,645
03/13/17,19:07:06,29.35,35,40,645.9655,633
03/13/17,19:07:07,29.4,35,40,646.0383,654
03/13/17,19:07:08,29.35,35,40,646.8983,646
03/13/17,19:07:09,29.35,35,40,647.5341,650
03/13/17,19:07:10,29.82,35,40,647.9366,655
03/13/17,19:07:11,29.6,35,40,648.5662,653
03/13/17,19:07:12,29.46,35,40,648.4365,652
03/13/17,19:07:13,29.31,35,40,648.0624,644
03/13/17,19:07:14,29.37,35,40,647.4166,642
03/13/17,19:07:15,29.45,35,40,646.1531,634
03/13/17,19:07:16,29.41,35,40,645.2206,643
03/13/17,19:07:17,29.41,35,40,646.5435,655
03/13/17,19:07:18,29.42,35,40,647.0908,642
03/13/17,19:07:19,29.47,35,40,645.7488,647
03/13/17,19:07:20,29.4,35,40,645.1667,638
03/13/17,19:07:21,29.36,35,40,644.9712,648
03/13/17,19:07:22,29.41,35,40,644.9772,643
03/13/17,19:07:23,29.45,35,40,646.3047,654
03/13/17,19:07:24,29.42,35,40,647.8881,660
03/13/17,19:07:25,29.4,35,40,647.2378,636
03/13/17,19:07:26,29.4,35,40,647.3851,660
03/13/17,19:07:27,29.47,35,40,649.5278,652
03/13/17,19:07:28,29.4,35,40,649.7194,645
03/13/17,19:07:29,29.42,35,40,648.3806,647
03/13/17,19:07:30,29.42,35,40,648.3104,646
03/13/17,19:07:31,29.47,35,40,648.3665,652
03/13/17,19:07:32,29.44,35,40,648.539,646
03/13/17,19:07:33,29.45,35,40,648.9398,649
03/13/17,19:07:34,29.44,35,40,647.9125,641
03/13/17,19:07:35,29.5,35,40,646.972,644
03/13/17,19:07:36,29.43,35,40,646.8234,651
03/13/17,19:07:37,29.41,35,40,645.7543,633
03/13/17,19:07:38,29.42,35,40,644.7106,643
03/13/17,19:07:39,29.53,35,40,644.3826,644
03/13/17,19:07:40,29.44,35,40,645.4298,650
03/13/17,19:07:41,29.44,35,40,647.8065,670
03/13/17,19:07:42,29.45,35,40,650.0641,650
03/13/17,19:07:43,29.51,35,40,650.2477,653
03/13/17,19:07:44,29.43,35,40,649.9331,640
03/13/17,19:07:45,29.44,35,40,648.6336,641
03/13/17,19:07:46,29.43,35,40,647.5529,652
03/13/17,19:07:47,29.48,35,40,648.2052,647
03/13/17,19:07:48,29.45,35,40,648.114,651
03/13/17,19:07:49,29.45,35,40,647.9064,649
03/13/17,19:07:50,29.44,35,40,650.0474,660
03/13/17,19:07:51,29.51,35,40,650.9106,646
03/13/17,19:07:52,29.44,35,40,651.2347,648
03/13/17,19:07:53,29.44,35,40,650.4293,646
03/13/17,19:07:54,29.44,35,40,649.7302,637
03/13/17,19:07:55,29.46,35,40,648.7506,654
03/13/17,19:07:56,29.44,35,40,648.3082,642
03/13/17,19:07:57,29.41,35,40,649.4536,661
03/13/17,19:07:58,29.43,35,40,650.9645,653
03/13/17,19:07:59,29.47,35,40,650.9006,650
03/13/17,19:08:00,29.44,35,40,651.0807,656
03/13/17,19:08:01,29.41,35,40,648.9368,630
03/13/17,19:08:02,29.41,35,40,646.1648,636
03/13/17,19:08:03,29.49,35,40,643.647,629
03/13/17,19:08:04,29.42,35,40,642.7382,639
03/13/17,19:08:05,29.43,35,40,641.4637,639
03/13/17,19:08:06,29.45,35,40,639.4036,626
03/13/17,19:08:07,29.49,35,40,638.8859,644
03/13/17,19:08:08,29.5,35,40,638.1561,625
03/13/17,19:08:09,29.51,35,40,637.5189,638
03/13/17,19:08:10,29.54,35,40,637.8056,642
03/13/17,19:08:11,29.59,35,40,638.3832,639
03/13/17,19:08:12,29.53,35,40,638.535,644
03/13/17,19:08:13,29.54,35,40,638.2691,630
03/13/17,19:08:14,29.55,35,40,637.3928,636
03/13/17,19:08:15,29.66,35,40,637.076,634
03/13/17,19:08:16,29.64,35,40,636.2372,628
03/13/17,19:08:17,29.74,35,40,635.1273,640
03/13/17,19:08:18,29.76,35,40,635.8278,639
03/13/17,19:08:19,29.84,35,40,637.8654,654
03/13/17,19:08:20,29.77,35,40,640.2208,645
03/13/17,19:08:21,29.81,35,40,642.0359,651
03/13/17,19:08:22,29.88,35,40,643.471,652
03/13/17,19:08:23,29.93,35,40,643.9428,646
03/13/17,19:08:24,29.95,35,40,645.3339,653
03/13/17,19:08:25,29.95,35,40,644.96,640
03/13/17,19:08:26,29.97,35,40,645.2037,649
03/13/17,19:08:27,30.03,35,40,645.024,636
03/13/17,19:08:28,30.02,35,40,644.5131,637
03/13/17,19:08:29,30.09,35,40,642.6877,633
03/13/17,19:08:30,30.11,35,40,642.0692,635
03/13/17,19:08:31,30.19,35,40,642.1284,651
03/13/17,19:08:32,30.14,35,40,642.159,636
03/13/17,19:08:33,30.22,35,40,642.3856,647
03/13/17,19:08:34,30.31,35,40,642.6188,638
03/13/17,19:08:35,30.42,35,40,642.4147,644
03/13/17,19:08:36,30.42,35,40,643.2734,653
03/13/17,19:08:37,30.45,35,40,643.4036,637
03/13/17,19:08:38,30.58,35,40,642.7511,642
03/13/17,19:08:39,30.65,35,40,641.7763,631
03/13/17,19:08:40,30.66,35,40,641.0002,638
03/13/17,19:08:41,30.69,35,40,641.0574,646
03/13/17,19:08:42,30.77,35,40,641.9354,645
03/13/17,19:08:43,30.82,35,40,642.4961,649
03/13/17,19:08:44,30.87,35,40,642.199,634
03/13/17,19:08:45,30.94,35,40,641.7457,638
03/13/17,19:08:46,30.99,35,40,640.5002,638
03/13/17,19:08:47,31.05,35,40,640.2724,640
03/13/17,19:08:48,31.05,35,40,641.9284,659
03/13/17,19:08:49,31.09,35,40,642.52,634
03/13/17,19:08:50,31.16,35,40,642.1142,643
03/13/17,19:08:51,31.32,35,40,641.2574,636
03/13/17,19:08:52,31.33,35,40,641.0847,639
03/13/17,19:08:53,31.37,35,40,640.4616,643
03/13/17,19:08:54,31.4,35,40,640.1674,638
03/13/17,19:08:55,31.46,35,40,640.7172,645
03/13/17,19:08:56,31.56,35,40,641.0638,639
03/13/17,19:08:57,31.64,35,40,641.7039,643
03/13/17,19:08:58,31.7,35,40,641.7283,646
03/13/17,19:08:59,31.74,35,40,641.3787,636
03/13/17,19:09:00,31.79,35,40,641.1646,646
03/13/17,19:09:01,31.84,35,40,641.5802,640
03/13/17,19:09:02,31.91,35,40,641.6986,642
03/13/17,19:09:03,32.03,35,40,641.6977,637
03/13/17,19:09:04,32.04,35,40,641.9706,643
03/13/17,19:09:05,32.07,35,40,642.3096,641
03/13/17,19:09:06,32.09,35,40,641.295,627
03/13/17,19:09:07,32.22,35,40,639.0469,633
03/13/17,19:09:08,32.23,35,40,637.4925,635
03/13/17,19:09:09,32.24,35,40,637.4602,640
03/13/17,19:09:10,32.32,35,40,636.8126,631
03/13/17,19:09:11,32.31,35,40,637.236,638
03/13/17,19:09:12,32.42,35,40,637.4369,644
03/13/17,19:09:13,32.47,35,40,637.0961,627
03/13/17,19:09:14,32.61,35,40,636.3108,640
03/13/17,19:09:15,32.61,35,40,636.4729,631
03/13/17,19:09:16,32.68,35,40,637.0488,641
03/13/17,19:09:17,32.76,35,40,636.8025,640
03/13/17,19:09:18,32.79,35,40,638.0477,644
03/13/17,19:09:19,32.85,35,40,639.5363,647
03/13/17,19:09:20,32.91,35,40,638.9958,627
03/13/17,19:09:21,33.01,35,40,638.8618,641
03/13/17,19:09:22,33.05,35,40,639.4865,649
03/13/17,19:09:23,33.09,35,40,641.9025,650
03/13/17,19:09:24,33.16,35,40,642.7941,651
03/13/17,19:09:25,33.19,35,40,642.3053,631
03/13/17,19:09:26,33.22,35,40,640.881,637
03/13/17,19:09:27,33.28,35,40,639.7849,634
03/13/17,19:09:28,33.37,35,40,638.9755,636
03/13/17,19:09:29,33.4,35,40,639.0761,649
03/13/17,19:09:30,33.48,35,40,639.5999,636
03/13/17,19:09:31,33.51,35,40,640.0258,644
03/13/17,19:09:32,33.52,35,40,639.349,629
03/13/17,19:09:33,33.54,35,40,638.796,639
03/13/17,19:09:34,33.58,35,40,639.2139,647
03/13/17,19:09:35,33.72,35,40,639.5569,638
03/13/17,19:09:36,33.74,35,40,639.3664,642
03/13/17,19:09:37,33.7,35,40,638.738,630
03/13/17,19:09:38,33.72,35,40,638.5611,638
03/13/17,19:09:39,33.84,35,40,637.9589,628
03/13/17,19:09:40,33.83,35,40,637.403,632
03/13/17,19:09:41,33.86,35,40,637.2173,635
03/13/17,19:09:42,33.94,35,40,637.0212,630
03/13/17,19:09:43,33.98,35,40,637.1734,642
03/13/17,19:09:44,34.06,35,40,636.3037,634
03/13/17,19:09:45,34.13,35,40,636.9188,643
03/13/17,19:09:46,34.18,35,40,635.8601,623
03/13/17,19:09:47,34.28,35,40,634.9955,632
03/13/17,19:09:48,34.3,35,40,634.3448,637
03/13/17,19:09:49,34.33,35,40,634.4435,631
03/13/17,19:09:50,34.33,35,40,634.4737,640
03/13/17,19:09:51,34.44,35,40,634.3698,630
03/13/17,19:09:52,34.46,35,40,635.0399,637
03/13/17,19:09:53,34.5,35,40,635.0405,639
03/13/17,19:09:54,34.56,35,40,635.6342,635
03/13/17,19:09:55,34.56,35,40,636.0468,644
03/13/17,19:09:56,34.59,35,40,636.1725,631
03/13/17,19:09:57,34.62,35,40,636.4301,637
03/13/17,19:09:58,34.68,35,40,636.3295,638
03/13/17,19:09:59,34.69,35,40,636.3643,632
03/13/17,19:10:00,34.74,35,40,635.9359,644
03/13/17,19:10:01,34.75,35,40,636.4236,634
03/13/17,19:10:02,34.79,35,40,636.7811,643
03/13/17,19:10:03,34.81,35,40,637.2152,633
03/13/17,19:10:04,34.85,35,40,636.2773,631
03/13/17,19:10:05,34.95,35,40,635.8646,641
03/13/17,19:10:06,35.06,35,40,635.8658,638
03/13/17,19:10:07,35.01,35,40,638.246,651
03/13/17,19:10:08,35.02,35,40,638.7374,633
03/13/17,19:10:09,35.06,35,40,638.4397,637
03/13/17,19:10:10,35.11,35,40,637.2498,633
03/13/17,19:10:11,35.14,35,40,636.4513,633
03/13/17,19:10:12,35.23,35,40,636.2867,640
03/13/17,19:10:13,35.25,35,40,636.1712,627
03/13/17,19:10:14,35.27,35,40,635.7437,636
03/13/17,19:10:15,35.27,35,40,636.0716,631
03/13/17,19:10:16,35.29,35,40,635.6406,629
03/13/17,19:10:17,35.31,35,40,635.3503,633
03/13/17,19:10:18,35.36,35,40,634.9435,627
03/13/17,19:10:19,35.39,35,40,635.2532,644
03/13/17,19:10:20,35.42,35,40,635.1195,634
03/13/17,19:10:21,35.46,35,40,635.317,637
03/13/17,19:10:22,35.55,35,40,634.8015,632
03/13/17,19:10:23,35.52,35,40,635.7469,638
03/13/17,19:10:24,35.54,35,40,635.5146,639
03/13/17,19:10:25,35.58,35,40,635.3201,631
03/13/17,19:10:26,35.66,35,40,635.6638,643
03/13/17,19:10:27,35.71,35,40,635.5063,626
03/13/17,19:10:28,35.74,35,40,635.5012,638
03/13/17,19:10:29,35.77,35,40,635.6186,637
03/13/17,19:10:30,35.85,35,40,635.0118,629
03/13/17,19:10:31,35.8,35,40,634.7332,641
03/13/17,19:10:32,35.83,35,40,634.6191,629
03/13/17,19:10:33,35.85,35,40,635.0369,636
03/13/17,19:10:34,35.89,35,40,633.8341,625
03/13/17,19:10:35,35.85,35,40,632.6435,627
03/13/17,19:10:36,35.88,35,40,632.1654,639
03/13/17,19:10:37,35.91,35,40,632.5601,634
03/13/17,19:10:38,36,35,40,635.5674,655
03/13/17,19:10:39,35.96,35,40,638.5059,648
03/13/17,19:10:40,35.99,35,40,639.8649,643
03/13/17,19:10:41,35.67,35,40,639.3889,643
03/13/17,19:10:42,36.11,35,40,638.6542,633
03/13/17,19:10:43,36.14,35,40,638.7213,641
03/13/17,19:10:44,36.14,35,40,637.7843,629
03/13/17,19:10:45,36.15,35,40,637.9029,639
03/13/17,19:10:46,36.22,35,40,638.2626,649
03/13/17,19:10:47,36.15,35,40,639.127,638
03/13/17,19:10:48,36.13,35,40,639.1555,641
03/13/17,19:10:49,36.12,35,40,638.4714,628
03/13/17,19:10:50,36.22,35,40,638.2739,641
03/13/17,19:10:51,36.25,35,40,638.6572,640
03/13/17,19:10:52,36.24,35,40,638.0918,632
03/13/17,19:10:53,36.25,35,40,637.3204,634
03/13/17,19:10:54,36.31,35,40,637.572,632
03/13/17,19:10:55,36.26,35,40,637.3719,640
03/13/17,19:10:56,36.28,35,40,635.8551,626
03/13/17,19:10:57,36.3,35,40,634.2285,630
03/13/17,19:10:58,36.38,35,40,632.5508,634
03/13/17,19:10:59,36.34,35,40,631.3208,625
03/13/17,19:11:00,36.33,35,40,630.3204,634
03/13/17,19:11:01,36.35,35,40,630.9775,633
03/13/17,19:11:02,36.42,35,40,631.4969,634
03/13/17,19:11:03,36.4,35,40,630.568,620
03/13/17,19:11:04,36.41,35,40,630.0777,631
03/13/17,19:11:05,36.45,35,40,630.4504,635
03/13/17,19:11:06,36.57,35,40,631.7452,636
03/13/17,19:11:07,36.49,35,40,631.9528,634
03/13/17,19:11:08,36.51,35,40,632.1575,631
03/13/17,19:11:09,36.56,35,40,633.4393,639
03/13/17,19:11:10,36.58,35,40,633.5765,631
03/13/17,19:11:11,36.57,35,40,632.5505,624
03/13/17,19:11:12,36.59,35,40,631.3212,633
03/13/17,19:11:13,36.6,35,40,630.0906,618
03/13/17,19:11:14,36.64,35,40,629.6605,630
03/13/17,19:11:15,36.6,35,40,628.6612,621
03/13/17,19:11:16,36.6,35,40,628.2051,626
03/13/17,19:11:17,36.63,35,40,628.7934,643
03/13/17,19:11:18,36.71,35,40,629.4641,624
03/13/17,19:11:19,36.64,35,40,629.5629,634
03/13/17,19:11:20,36.68,35,40,628.6419,617
03/13/17,19:11:21,36.71,35,40,627.4942,622
03/13/17,19:11:22,36.85,35,40,626.9823,632
03/13/17,19:11:23,36.77,35,40,627.8289,633
03/13/17,19:11:24,36.77,35,40,628.7301,633
03/13/17,19:11:25,36.77,35,40,628.2545,620
03/13/17,19:11:26,36.8,35,40,628.6871,633
03/13/17,19:11:27,36.8,35,40,629.0941,633
03/13/17,19:11:28,36.81,35,40,629.6044,630
03/13/17,19:11:29,36.82,35,40,630.6401,634
03/13/17,19:11:30,36.87,35,40,630.5823,624
03/13/17,19:11:31,36.85,35,40,631.2064,641
03/13/17,19:11:32,36.87,35,40,630.8442,626
03/13/17,19:11:33,36.9,35,40,630.6317,634
03/13/17,19:11:34,37.01,35,40,630.5857,637
03/13/17,19:11:35,36.94,35,40,631.196,634
03/13/17,19:11:36,36.93,35,40,631.1957,637
03/13/17,19:11:37,36.96,35,40,631.8426,631
03/13/17,19:11:38,37.08,35,40,632.3669,638
03/13/17,19:11:39,37.02,35,40,632.1515,625
03/13/17,19:11:40,37.06,35,40,632.955,640
03/13/17,19:11:41,37.04,35,40,634.6365,643
03/13/17,19:11:42,37.07,35,40,634.7905,631
03/13/17,19:11:43,37.03,35,40,635.1317,643
03/13/17,19:11:44,37.05,35,40,634.4331,623
03/13/17,19:11:45,37.07,35,40,634.6974,640
03/13/17,19:11:46,37.09,35,40,634.8686,634
03/13/17,19:11:47,37.13,35,40,635.0353,637
03/13/17,19:11:48,37.16,35,40,636.0557,648
03/13/17,19:11:49,37.18,35,40,636.6298,631
03/13/17,19:11:50,37.21,35,40,636.3215,637
03/13/17,19:11:51,37.19,35,40,635.7414,631
03/13/17,19:11:52,37.21,35,40,635.1176,629
03/13/17,19:11:53,37.23,35,40,633.8389,636
03/13/17,19:11:54,37.26,35,40,633.0915,626
03/13/17,19:11:55,37.23,35,40,632.9507,637
03/13/17,19:11:56,37.23,35,40,632.8617,626
03/13/17,19:11:57,37.23,35,40,632.8174,633
03/13/17,19:11:58,37.25,35,40,632.7365,637
03/13/17,19:11:59,37.27,35,40,632.0078,624
03/13/17,19:12:00,37.29,35,40,631.642,637
03/13/17,19:12:01,37.33,35,40,631.3005,623
03/13/17,19:12:02,37.35,35,40,632.1313,638
03/13/17,19:12:03,37.35,35,40,633.0853,641
03/13/17,19:12:04,37.37,35,40,634.3944,638
03/13/17,19:12:05,37.39,35,40,635.3106,637
03/13/17,19:12:06,37.42,35,40,635.0178,625
03/13/17,19:12:07,37.41,35,40,633.1822,629
03/13/17,19:12:08,37.41,35,40,630.8461,620
03/13/17,19:12:09,37.41,35,40,629.6216,630
03/13/17,19:12:10,37.44,35,40,630.197,643
03/13/17,19:12:11,37.41,35,40,629.6541,622
03/13/17,19:12:12,37.41,35,40,628.3997,628
03/13/17,19:12:13,37.4,35,40,626.8179,615
03/13/17,19:12:14,37.43,35,40,625.8428,632
03/13/17,19:12:15,37.44,35,40,626.6378,624
03/13/17,19:12:16,37.44,35,40,627.2076,631
03/13/17,19:12:17,37.47,35,40,628.013,635
03/13/17,19:12:18,37.47,35,40,628.9886,630
03/13/17,19:12:19,37.49,35,40,629.7033,635
03/13/17,19:12:20,37.51,35,40,628.6788,617
03/13/17,19:12:21,37.53,35,40,627.9286,625
03/13/17,19:12:22,37.56,35,40,627.4122,626
03/13/17,19:12:23,37.57,35,40,627.0535,621
03/13/17,19:12:24,37.58,35,40,625.2195,622
03/13/17,19:12:25,37.58,35,40,624.2953,627
03/13/17,19:12:26,37.67,35,40,624.6183,617
03/13/17,19:12:27,37.59,35,40,624.3417,624
03/13/17,19:12:28,37.57,35,40,624.38,625
03/13/17,19:12:29,37.61,35,40,624.9471,629
03/13/17,19:12:30,37.63,35,40,625.6454,633
03/13/17,19:12:31,37.62,35,40,624.972,618
03/13/17,19:12:32,37.62,35,40,624.8688,634
03/13/17,19:12:33,37.65,35,40,625.2906,629
03/13/17,19:12:34,37.7,35,40,625.5751,627
03/13/17,19:12:35,37.65,35,40,624.0566,623
03/13/17,19:12:36,37.64,35,40,622.3622,619
03/13/17,19:12:37,37.66,35,40,622.7985,632
03/13/17,19:12:38,37.77,35,40,623.2966,621
03/13/17,19:12:39,37.71,35,40,624.3474,631
03/13/17,19:12:40,37.71,35,40,625.7465,632
03/13/17,19:12:41,37.71,35,40,626.2805,625
03/13/17,19:12:42,37.79,35,40,627.2841,636
03/13/17,19:12:43,37.69,35,40,627.9631,627
03/13/17,19:12:44,37.69,35,40,628.6635,633
03/13/17,19:12:45,37.7,35,40,630.2991,638
03/13/17,19:12:46,37.72,35,40,633.1279,640
03/13/17,19:12:47,37.73,35,40,634.1984,636
03/13/17,19:12:48,37.77,35,40,634.6049,633
03/13/17,19:12:49,37.79,35,40,634.8509,638
03/13/17,19:12:50,37.84,35,40,632.2565,617
03/13/17,19:12:51,37.77,35,40,630.179,633
03/13/17,19:12:52,37.79,35,40,629.1122,619
03/13/17,19:12:53,37.81,35,40,627.9647,629
03/13/17,19:12:54,37.93,35,40,628.1938,635
03/13/17,19:12:55,37.85,35,40,628.2976,628
03/13/17,19:12:56,37.85,35,40,629.7236,642
03/13/17,19:12:57,37.8,35,40,630.8418,625
03/13/17,19:12:58,37.85,35,40,630.6993,625
03/13/17,19:12:59,37.81,35,40,629.7705,624
03/13/17,19:13:00,37.84,35,40,629.0797,622
03/13/17,19:13:01,37.88,35,40,629.4296,635
03/13/17,19:13:02,37.89,35,40,629.647,617
03/13/17,19:13:03,37.91,35,40,628.8248,624
03/13/17,19:13:04,37.93,35,40,627.2455,617
03/13/17,19:13:05,37.94,35,40,625.3768,620
03/13/17,19:13:06,37.94,35,40,625.4122,635
03/13/17,19:13:07,37.93,35,40,625.8893,626
03/13/17,19:13:08,37.93,35,40,626.3547,633
03/13/17,19:13:09,37.93,35,40,625.7427,622
03/13/17,19:13:10,37.95,35,40,625.3906,630
03/13/17,19:13:11,37.93,35,40,626.0934,635
03/13/17,19:13:12,37.94,35,40,625.838,623
03/13/17,19:13:13,37.94,35,40,627.0067,637
03/13/17,19:13:14,37.98,35,40,628.3414,627
03/13/17,19:13:15,37.93,35,40,628.6638,623
03/13/17,19:13:16,37.94,35,40,628.7507,633
03/13/17,19:13:17,37.97,35,40,630.0735,630
03/13/17,19:13:18,37.99,35,40,630.7919,630
03/13/17,19:13:19,37.99,35,40,629.1908,621
03/13/17,19:13:20,37.99,35,40,627.8972,621
03/13/17,19:13:21,38,35,40,624.7652,605
03/13/17,19:13:22,38.02,35,40,622.4424,614
03/13/17,19:13:23,38.02,35,40,621.8072,623
03/13/17,19:13:24,38.02,35,40,622.2556,620
03/13/17,19:13:25,38.04,35,40,622.4061,625
03/13/17,19:13:26,38.05,35,40,620.88,609
03/13/17,19:13:27,38,35,40,620.7351,623
03/13/17,19:13:28,38.02,35,40,621.3218,618
03/13/17,19:13:29,38.02,35,40,622.5592,623
03/13/17,19:13:30,38.06,35,40,622.578,623
03/13/17,19:13:31,38.04,35,40,622.8773,621
03/13/17,19:13:32,38.04,35,40,623.7655,627
03/13/17,19:13:33,37.77,35,40,623.5756,615
03/13/17,19:13:34,38.06,35,40,624.2031,634
03/13/17,19:13:35,38.1,35,40,626.7173,645
03/13/17,19:13:36,38.12,35,40,629.7803,642
03/13/17,19:13:37,38.11,35,40,631.9649,648
03/13/17,19:13:38,38.1,35,40,632.849,627
03/13/17,19:13:39,38.11,35,40,632.5953,635
03/13/17,19:13:40,38.13,35,40,632.4982,633
03/13/17,19:13:41,38.14,35,40,632.1761,633
03/13/17,19:13:42,38.13,35,40,632.1223,643
03/13/17,19:13:43,38.13,35,40,631.9284,626
03/13/17,19:13:44,38.12,35,40,630.7258,631
03/13/17,19:13:45,38.12,35,40,630.488,633
03/13/17,19:13:46,38.13,35,40,631.1584,634
03/13/17,19:13:47,38.12,35,40,631.2108,637
03/13/17,19:13:48,38.12,35,40,630.4724,622
03/13/17,19:13:49,38.12,35,40,630.0776,632
03/13/17,19:13:50,38.12,35,40,630.6533,631
03/13/17,19:13:51,38.12,35,40,631.397,630
03/13/17,19:13:52,38.11,35,40,630.8827,629
03/13/17,19:13:53,38.12,35,40,630.0313,623
03/13/17,19:13:54,38.13,35,40,629.9592,626
03/13/17,19:13:55,38.16,35,40,627.9872,605
03/13/17,19:13:56,38.17,35,40,626.3593,615
03/13/17,19:13:57,38.2,35,40,624.9263,619
03/13/17,19:13:58,38.2,35,40,625.5992,626
03/13/17,19:13:59,38.2,35,40,626.3171,627
03/13/17,19:14:00,38.21,35,40,626.5096,619
03/13/17,19:14:01,38.22,35,40,625.9103,632
03/13/17,19:14:02,38.24,35,40,624.9036,616
03/13/17,19:14:03,38.25,35,40,623.1575,621
03/13/17,19:14:04,38.26,35,40,621.6946,616
03/13/17,19:14:05,38.26,35,40,621.3243,624
03/13/17,19:14:06,38.27,35,40,621.5096,631
03/13/17,19:14:07,38.24,35,40,622.3145,623
03/13/17,19:14:08,38.27,35,40,622.4988,622
03/13/17,19:14:09,38.24,35,40,621.2435,606
03/13/17,19:14:10,38.25,35,40,620.5451,621
03/13/17,19:14:11,38.24,35,40,620.9121,626
03/13/17,19:14:12,38.24,35,40,622.2504,622
03/13/17,19:14:13,38.3,35,40,623.4224,631
03/13/17,19:14:14,38.25,35,40,624.4968,620
03/13/17,19:14:15,38.25,35,40,624.973,619
03/13/17,19:14:16,38.27,35,40,623.6509,614
03/13/17,19:14:17,38.31,35,40,622.8339,618
03/13/17,19:14:18,38.3,35,40,623.6261,634
03/13/17,19:14:19,38.33,35,40,623.8331,615
03/13/17,19:14:20,38.33,35,40,623.2433,618
03/13/17,19:14:21,38.35,35,40,621.6122,613
03/13/17,19:14:22,38.35,35,40,621.1285,626
03/13/17,19:14:23,38.37,35,40,622.5543,640
03/13/17,19:14:24,38.37,35,40,623.8963,622
03/13/17,19:14:25,38.41,35,40,624.097,631
03/13/17,19:14:26,38.4,35,40,623.6253,619
03/13/17,19:14:27,38.39,35,40,623.6766,633
03/13/17,19:14:28,38.39,35,40,624.6107,631
03/13/17,19:14:29,38.44,35,40,624.4216,628
03/13/17,19:14:30,38.38,35,40,625.6093,637
03/13/17,19:14:31,38.39,35,40,626.1315,621
03/13/17,19:14:32,38.4,35,40,626.8427,628
03/13/17,19:14:33,38.42,35,40,626.9951,617
03/13/17,19:14:34,38.4,35,40,625.1488,605
03/13/17,19:14:35,38.41,35,40,623.0204,617
03/13/17,19:14:36,38.42,35,40,623.5858,619
03/13/17,19:14:37,38.44,35,40,624.4794,640
03/13/17,19:14:38,38.44,35,40,627.174,639
03/13/17,19:14:39,38.45,35,40,629.1331,642
03/13/17,19:14:40,38.46,35,40,629.2797,622
03/13/17,19:14:41,38.47,35,40,628.2749,628
03/13/17,19:14:42,38.46,35,40,627.4179,629
03/13/17,19:14:43,38.43,35,40,626.4918,622
03/13/17,19:14:44,38.45,35,40,627.6286,640
03/13/17,19:14:45,38.49,35,40,629.1216,628
03/13/17,19:14:46,38.43,35,40,630.4141,633
03/13/17,19:14:47,38.42,35,40,630.847,633
03/13/17,19:14:48,38.42,35,40,631.6543,628
03/13/17,19:14:49,38.51,35,40,631.9907,633
03/13/17,19:14:50,38.43,35,40,631.0844,617
03/13/17,19:14:51,38.44,35,40,629.1564,617
03/13/17,19:14:52,38.45,35,40,627.4927,622
03/13/17,19:14:53,38.54,35,40,626.0917,621
03/13/17,19:14:54,38.46,35,40,626.33,643
03/13/17,19:14:55,38.48,35,40,627.8577,631
03/13/17,19:14:56,38.5,35,40,628.5986,634
03/13/17,19:14:57,38.53,35,40,626.9698,613
03/13/17,19:14:58,38.51,35,40,624.2649,619
03/13/17,19:14:59,38.5,35,40,623.0766,629
03/13/17,19:15:00,38.5,35,40,623.287,626
03/13/17,19:15:01,38.56,35,40,624.527,637
03/13/17,19:15:02,38.49,35,40,625.4419,626
03/13/17,19:15:03,38.48,35,40,625.9702,625
03/13/17,19:15:04,38.48,35,40,625.0607,623
03/13/17,19:15:05,38.57,35,40,623.5858,612
03/13/17,19:15:06,38.5,35,40,622.6584,627
03/13/17,19:15:07,38.5,35,40,622.95,617
03/13/17,19:15:08,38.5,35,40,623.9903,634
03/13/17,19:15:09,38.57,35,40,625.6011,620
03/13/17,19:15:10,38.5,35,40,625.8906,625
03/13/17,19:15:11,38.53,35,40,626.2594,618
03/13/17,19:15:12,38.53,35,40,625.3923,612
03/13/17,19:15:13,38.55,35,40,624.6945,630
03/13/17,19:15:14,38.52,35,40,624.348,616
03/13/17,19:15:15,38.52,35,40,624.5328,635
03/13/17,19:15:16,38.53,35,40,625.893,633
03/13/17,19:15:17,38.58,35,40,625.5537,625
03/13/17,19:15:18,38.55,35,40,624.5048,623
03/13/17,19:15:19,38.56,35,40,623.2349,621
03/13/17,19:15:20,38.56,35,40,623.107,629
03/13/17,19:15:21,38.61,35,40,622.6907,620
03/13/17,19:15:22,38.56,35,40,622.796,629
03/13/17,19:15:23,38.56,35,40,622.7801,627
03/13/17,19:15:24,38.56,35,40,622.1513,618
03/13/17,19:15:25,38.63,35,40,621.4158,623
03/13/17,19:15:26,38.56,35,40,619.784,605
03/13/17,19:15:27,38.56,35,40,618.5413,617
03/13/17,19:15:28,38.56,35,40,618.4744,620
03/13/17,19:15:29,38.65,35,40,619.3599,621
03/13/17,19:15:30,38.56,35,40,620.15,632
03/13/17,19:15:31,38.55,35,40,620.9293,618
03/13/17,19:15:32,38.54,35,40,622.4547,634
03/13/17,19:15:33,38.56,35,40,623.899,623
03/13/17,19:15:34,38.54,35,40,624.2818,621
03/13/17,19:15:35,38.54,35,40,623.7496,624
03/13/17,19:15:36,38.54,35,40,623.2162,615
03/13/17,19:15:37,38.59,35,40,623.0599,621
03/13/17,19:15:38,38.54,35,40,622.4434,618
03/13/17,19:15:39,38.55,35,40,623.8309,626
03/13/17,19:15:40,38.57,35,40,624.4058,628
03/13/17,19:15:41,38.64,35,40,625.073,621
03/13/17,19:15:42,38.58,35,40,625.4479,630
03/13/17,19:15:43,38.58,35,40,626.1907,619
03/13/17,19:15:44,38.59,35,40,626.7715,624
03/13/17,19:15:45,38.68,35,40,627.4037,629
03/13/17,19:15:46,38.59,35,40,628.1075,620
03/13/17,19:15:47,38.62,35,40,627.5602,628
03/13/17,19:15:48,38.63,35,40,628.9833,628
03/13/17,19:15:49,38.65,35,40,629.2994,635
03/13/17,19:15:50,38.63,35,40,628.9284,621
03/13/17,19:15:51,38.63,35,40,627.918,626
03/13/17,19:15:52,38.63,35,40,626.8428,627
03/13/17,19:15:53,38.66,35,40,625.8041,624
03/13/17,19:15:54,38.62,35,40,626.2736,635
03/13/17,19:15:55,38.65,35,40,626.0143,620
03/13/17,19:15:56,38.63,35,40,626.1443,631
03/13/17,19:15:57,38.7,35,40,625.2053,609
03/13/17,19:15:58,38.66,35,40,624.0895,621
03/13/17,19:15:59,38.67,35,40,623.2908,618
03/13/17,19:16:00,38.66,35,40,622.3311,615
03/13/17,19:16:01,38.71,35,40,621.9311,620
03/13/17,19:16:02,38.67,35,40,620.7437,606
03/13/17,19:16:03,38.67,35,40,619.8132,619
03/13/17,19:16:04,38.67,35,40,620.5054,619
03/13/17,19:16:05,38.66,35,40,620.1037,612
03/13/17,19:16:06,38.65,35,40,619.4432,625
03/13/17,19:16:07,38.65,35,40,619.6717,615
03/13/17,19:16:08,38.66,35,40,620.6297,628
03/13/17,19:16:09,38.68,35,40,621.8099,620
03/13/17,19:16:10,38.68,35,40,622.398,623
03/13/17,19:16:11,38.69,35,40,622.7723,626
03/13/17,19:16:12,38.7,35,40,621.5102,605
03/13/17,19:16:13,38.74,35,40,620.1528,622
03/13/17,19:16:14,38.72,35,40,620.274,614
03/13/17,19:16:15,38.73,35,40,620.3286,621
03/13/17,19:16:16,38.73,35,40,620.5685,626
03/13/17,19:16:17,38.76,35,40,621.4027,625
03/13/17,19:16:18,38.71,35,40,622.3486,626
03/13/17,19:16:19,38.72,35,40,621.2095,610
03/13/17,19:16:20,38.73,35,40,622.1308,636
03/13/17,19:16:21,38.73,35,40,624.6934,635
03/13/17,19:16:22,38.73,35,40,625.9938,624
03/13/17,19:16:23,38.73,35,40,624.7324,613
03/13/17,19:16:24,38.73,35,40,622.331,602
03/13/17,19:16:25,38.74,35,40,620.4243,623
03/13/17,19:16:26,38.74,35,40,619.9788,614
03/13/17,19:16:27,38.28,35,40,619.3317,622
03/13/17,19:16:28,38.61,35,40,619.6181,618
03/13/17,19:16:29,38.84,35,40,618.5905,614
03/13/17,19:16:30,38.88,35,40,618.6699,621
03/13/17,19:16:31,38.85,35,40,618.3837,613
03/13/17,19:16:32,38.82,35,40,618.4022,620
03/13/17,19:16:33,38.84,35,40,618.8534,628
03/13/17,19:16:34,38.81,35,40,619.0207,615
03/13/17,19:16:35,38.82,35,40,618.8892,623
03/13/17,19:16:36,38.78,35,40,618.4497,610
03/13/17,19:16:37,38.79,35,40,618.3681,619
03/13/17,19:16:38,38.81,35,40,618.7259,621
03/13/17,19:16:39,38.76,35,40,619.5805,620
03/13/17,19:16:40,38.75,35,40,620.6107,628
03/13/17,19:16:41,38.74,35,40,621.8102,618
03/13/17,19:16:42,38.79,35,40,622.8546,626
03/13/17,19:16:43,38.72,35,40,623.7054,623
03/13/17,19:16:44,38.76,35,40,623.9958,621
03/13/17,19:16:45,38.76,35,40,623.1884,620
03/13/17,19:16:46,38.83,35,40,622.1976,619
03/13/17,19:16:47,38.76,35,40,624.4838,642
03/13/17,19:16:48,38.77,35,40,626.5298,625
03/13/17,19:16:49,38.77,35,40,626.1587,620
03/13/17,19:16:50,38.84,35,40,624.4992,625
03/13/17,19:16:51,38.77,35,40,623.9765,617
03/13/17,19:16:52,38.79,35,40,622.3241,619
03/13/17,19:16:53,38.8,35,40,620.6011,611
03/13/17,19:16:54,38.86,35,40,620.3275,625
03/13/17,19:16:55,38.8,35,40,621.1331,630
03/13/17,19:16:56,38.79,35,40,621.5563,625
03/13/17,19:16:57,38.79,35,40,622.3481,630
03/13/17,19:16:58,38.83,35,40,621.1337,606
03/13/17,19:16:59,38.78,35,40,619.0795,616
03/13/17,19:17:00,38.78,35,40,616.981,605
03/13/17,19:17:01,38.78,35,40,616.2889,624
03/13/17,19:17:02,38.87,35,40,617.8041,637
03/13/17,19:17:03,38.79,35,40,619.6161,628
03/13/17,19:17:04,38.79,35,40,620.561,630
03/13/17,19:17:05,38.8,35,40,620.6376,612
03/13/17,19:17:06,38.88,35,40,619.7371,618
03/13/17,19:17:07,38.77,35,40,619.0013,609
03/13/17,19:17:08,38.8,35,40,619.153,619
03/13/17,19:17:09,38.78,35,40,618.93,619
03/13/17,19:17:10,38.86,35,40,617.878,603
03/13/17,19:17:11,38.79,35,40,616.5641,619
03/13/17,19:17:12,38.83,35,40,616.7499,614
03/13/17,19:17:13,38.8,35,40,618.1046,626
03/13/17,19:17:14,38.82,35,40,618.9099,622
03/13/17,19:17:15,38.82,35,40,619.4698,620
03/13/17,19:17:16,38.84,35,40,620.0679,629
03/13/17,19:17:17,38.84,35,40,619.7496,608
03/13/17,19:17:18,38.86,35,40,618.814,623
03/13/17,19:17:19,38.84,35,40,618.8953,622
03/13/17,19:17:20,38.86,35,40,620.8564,637
03/13/17,19:17:21,38.86,35,40,622.6121,631
03/13/17,19:17:22,38.92,35,40,621.0289,608
03/13/17,19:17:23,38.87,35,40,619.1912,619
03/13/17,19:17:24,38.87,35,40,617.8101,607
03/13/17,19:17:25,38.88,35,40,615.299,606
03/13/17,19:17:26,38.95,35,40,613.5108,618
03/13/17,19:17:27,38.88,35,40,613.1172,611
03/13/17,19:17:28,38.89,35,40,612.9068,623
03/13/17,19:17:29,38.9,35,40,613.1316,611
03/13/17,19:17:30,38.91,35,40,613.8083,624
03/13/17,19:17:31,38.9,35,40,615.4065,630
03/13/17,19:17:32,38.89,35,40,615.5217,611
03/13/17,19:17:33,38.9,35,40,614.7258,622
03/13/17,19:17:34,38.93,35,40,613.7089,606
03/13/17,19:17:35,38.9,35,40,611.7794,608
03/13/17,19:17:36,38.88,35,40,610.9423,613
03/13/17,19:17:37,38.88,35,40,610.9077,616
03/13/17,19:17:38,38.94,35,40,611.8101,627
03/13/17,19:17:39,38.87,35,40,613.0051,618
03/13/17,19:17:40,38.87,35,40,613.5134,622
03/13/17,19:17:41,38.87,35,40,613.9385,609
03/13/17,19:17:42,38.96,35,40,613.8394,618
03/13/17,19:17:43,38.86,35,40,615.9213,620
03/13/17,19:17:44,38.86,35,40,618.8889,635
03/13/17,19:17:45,38.86,35,40,621.5975,623
03/13/17,19:17:46,38.86,35,40,621.2543,610
03/13/17,19:17:47,38.86,35,40,619.1766,609
03/13/17,19:17:48,38.87,35,40,617.4273,600
03/13/17,19:17:49,38.9,35,40,616.4655,616
03/13/17,19:17:50,38.91,35,40,616.5977,615
03/13/17,19:17:51,38.9,35,40,616.6951,611
03/13/17,19:17:52,38.91,35,40,616.5084,625
03/13/17,19:17:53,38.91,35,40,617.5999,617
03/13/17,19:17:54,38.92,35,40,618.8663,627
03/13/17,19:17:55,38.91,35,40,619.5344,618
03/13/17,19:17:56,38.91,35,40,618.6193,610
03/13/17,19:17:57,38.91,35,40,617.9564,628
03/13/17,19:17:58,38.94,35,40,618.839,621
03/13/17,19:17:59,38.91,35,40,620.3347,637
03/13/17,19:18:00,38.91,35,40,621.6255,618
03/13/17,19:18:01,38.92,35,40,620.4832,614
03/13/17,19:18:02,38.92,35,40,618.4993,615
03/13/17,19:18:03,38.92,35,40,616.6741,609
03/13/17,19:18:04,38.92,35,40,615.6566,619
03/13/17,19:18:05,38.93,35,40,614.8846,606
03/13/17,19:18:06,38.93,35,40,614.4011,618
03/13/17,19:18:07,38.94,35,40,614.2841,615
03/13/17,19:18:08,38.94,35,40,613.1097,607
03/13/17,19:18:09,38.94,35,40,612.369,618
03/13/17,19:18:10,38.93,35,40,612.0601,605
03/13/17,19:18:11,38.91,35,40,612.8529,627
03/13/17,19:18:12,38.92,35,40,614.6747,623
03/13/17,19:18:13,38.92,35,40,615.8199,627
03/13/17,19:18:14,38.96,35,40,615.7483,620
03/13/17,19:18:15,38.9,35,40,615.0789,619
03/13/17,19:18:16,38.92,35,40,615.7592,623
03/13/17,19:18:17,38.92,35,40,615.9073,614
03/13/17,19:18:18,38.92,35,40,616.3942,616
03/13/17,19:18:19,38.92,35,40,615.9886,608
03/13/17,19:18:20,38.9,35,40,615.5058,611
03/13/17,19:18:21,38.94,35,40,614.8479,617
03/13/17,19:18:22,38.91,35,40,613.5862,603
03/13/17,19:18:23,38.94,35,40,612.7355,618
03/13/17,19:18:24,38.92,35,40,613.5538,610
03/13/17,19:18:25,38.95,35,40,614.3629,616
03/13/17,19:18:26,38.93,35,40,614.7919,616
03/13/17,19:18:27,38.93,35,40,615.1688,612
03/13/17,19:18:28,38.94,35,40,615.7917,621
03/13/17,19:18:29,38.92,35,40,615.7335,603
03/13/17,19:18:30,38.92,35,40,615.5295,614
03/13/17,19:18:31,38.92,35,40,615.9962,613
03/13/17,19:18:32,38.91,35,40,615.4537,607
03/13/17,19:18:33,38.91,35,40,615.6638,626
03/13/17,19:18:34,38.9,35,40,616.7925,613
03/13/17,19:18:35,38.91,35,40,616.1381,612
03/13/17,19:18:36,38.91,35,40,614.4658,597
03/13/17,19:18:37,38.91,35,40,612.5004,604
03/13/17,19:18:38,38.91,35,40,611.5608,611
03/13/17,19:18:39,38.93,35,40,610.4784,598
03/13/17,19:18:40,38.93,35,40,608.9729,612
03/13/17,19:18:41,38.94,35,40,608.9638,605
03/13/17,19:18:42,38.94,35,40,609.6305,617
03/13/17,19:18:43,38.94,35,40,610.1425,615
03/13/17,19:18:44,38.95,35,40,609.8463,607
03/13/17,19:18:45,38.95,35,40,610.2887,626
03/13/17,19:18:46,38.95,35,40,610.9652,605
03/13/17,19:18:47,38.95,35,40,610.1127,612
03/13/17,19:18:48,38.95,35,40,609.7032,610
03/13/17,19:18:49,38.96,35,40,608.7619,603
03/13/17,19:18:50,38.95,35,40,608.2127,619
03/13/17,19:18:51,38.95,35,40,609.0718,613
03/13/17,19:18:52,38.94,35,40,609.2385,612
03/13/17,19:18:53,38.95,35,40,608.8618,604
03/13/17,19:18:54,38.94,35,40,609.0621,614
03/13/17,19:18:55,38.94,35,40,609.3427,598
03/13/17,19:18:56,38.94,35,40,608.5293,607
03/13/17,19:18:57,38.98,35,40,610.0435,618
03/13/17,19:18:58,38.92,35,40,610.6302,606
03/13/17,19:18:59,38.9,35,40,610.8485,618
03/13/17,19:19:00,38.92,35,40,611.525,606
03/13/17,19:19:01,38.94,35,40,612.8,625
03/13/17,19:19:02,38.9,35,40,615.1575,624
03/13/17,19:19:03,38.87,35,40,617.7079,630
03/13/17,19:19:04,38.9,35,40,620.4124,630
03/13/17,19:19:05,38.9,35,40,620.5895,613
03/13/17,19:19:06,38.89,35,40,621.0554,627
03/13/17,19:19:07,38.88,35,40,622.3516,622
03/13/17,19:19:08,38.89,35,40,622.8903,621
03/13/17,19:19:09,38.9,35,40,623.119,625
03/13/17,19:19:10,38.89,35,40,622.5939,609
03/13/17,19:19:11,38.9,35,40,621.4799,618
03/13/17,19:19:12,38.91,35,40,621.5201,612
03/13/17,19:19:13,38.99,35,40,620.924,610
03/13/17,19:19:14,38.91,35,40,618.4095,607
03/13/17,19:19:15,38.92,35,40,617.3259,607
03/13/17,19:19:16,38.92,35,40,616.5978,617
03/13/17,19:19:17,38.97,35,40,616.2957,604
03/13/17,19:19:18,38.93,35,40,615.4033,610
03/13/17,19:19:19,38.93,35,40,614.5074,608
03/13/17,19:19:20,38.93,35,40,613.73,606
03/13/17,19:19:21,38.94,35,40,613.5674,622
03/13/17,19:19:22,38.93,35,40,613.845,607
03/13/17,19:19:23,38.92,35,40,613.921,620
03/13/17,19:19:24,38.93,35,40,614.7178,617
03/13/17,19:19:25,38.94,35,40,615.1341,618
03/13/17,19:19:26,38.94,35,40,615.5952,626
03/13/17,19:19:27,38.95,35,40,616.2318,624
03/13/17,19:19:28,38.94,35,40,616.9857,623
03/13/17,19:19:29,39.02,35,40,616.5536,610
03/13/17,19:19:30,38.95,35,40,615.2055,615
03/13/17,19:19:31,38.95,35,40,615.606,614
03/13/17,19:19:32,38.95,35,40,615.8605,616
03/13/17,19:19:33,39,35,40,616.6638,620
03/13/17,19:19:34,38.95,35,40,615.8142,611
03/13/17,19:19:35,38.94,35,40,614.6226,617
03/13/17,19:19:36,38.95,35,40,613.6274,609
03/13/17,19:19:37,39.03,35,40,613.6078,621
03/13/17,19:19:38,38.95,35,40,613.6837,616
03/13/17,19:19:39,38.95,35,40,613.5085,616
03/13/17,19:19:40,38.94,35,40,612.9368,617
03/13/17,19:19:41,39.01,35,40,612.0334,608
03/13/17,19:19:42,38.96,35,40,611.9609,616
03/13/17,19:19:43,38.95,35,40,612.4648,617
03/13/17,19:19:44,38.95,35,40,613.186,617
03/13/17,19:19:45,39.01,35,40,613.236,618
03/13/17,19:19:46,38.96,35,40,613.1085,610
03/13/17,19:19:47,38.95,35,40,613.0107,618
03/13/17,19:19:48,38.96,35,40,613.5378,612
03/13/17,19:19:49,39.03,35,40,613.3875,613
03/13/17,19:19:50,38.94,35,40,613.7465,620
03/13/17,19:19:51,38.94,35,40,614.2725,608
03/13/17,19:19:52,38.93,35,40,613.8963,616
03/13/17,19:19:53,39.01,35,40,614.2095,608
03/13/17,19:19:54,38.92,35,40,615.4906,622
03/13/17,19:19:55,38.92,35,40,616.5089,615
03/13/17,19:19:56,38.92,35,40,616.769,613
03/13/17,19:19:57,38.97,35,40,617.325,618
03/13/17,19:19:58,38.92,35,40,616.2477,599
03/13/17,19:19:59,38.92,35,40,614.7097,606
03/13/17,19:20:00,38.92,35,40,612.6675,598
03/13/17,19:20:01,38.97,35,40,611.422,605
03/13/17,19:20:02,38.91,35,40,610.7786,614
03/13/17,19:20:03,38.91,35,40,611.1475,612
03/13/17,19:20:04,38.9,35,40,612.4514,620
03/13/17,19:20:05,39,35,40,613.0279,610
03/13/17,19:20:06,38.93,35,40,613.5555,615
03/13/17,19:20:07,38.93,35,40,613.7296,604
03/13/17,19:20:08,38.93,35,40,613.2732,609
03/13/17,19:20:09,39.03,35,40,614.1991,624
03/13/17,19:20:10,38.95,35,40,614.678,608
03/13/17,19:20:11,38.92,35,40,614.4116,619
03/13/17,19:20:12,38.95,35,40,613.641,606
03/13/17,19:20:13,39.02,35,40,613.6458,619
03/13/17,19:20:14,38.95,35,40,613.4007,610
03/13/17,19:20:15,38.95,35,40,612.0361,609
03/13/17,19:20:16,38.91,35,40,610.928,597
03/13/17,19:20:17,38.95,35,40,608.9404,603
03/13/17,19:20:18,38.96,35,40,607.8684,609
03/13/17,19:20:19,38.96,35,40,608.7174,627
03/13/17,19:20:20,38.96,35,40,610.2519,616
03/13/17,19:20:21,38.96,35,40,612.1252,626
03/13/17,19:20:22,38.99,35,20,613.4836,617
03/13/17,19:20:23,38.95,35,20,614.5537,622
03/13/17,19:20:24,38.95,35,20,615.8766,631
03/13/17,19:20:25,38.95,35,20,617.7609,622
03/13/17,19:20:26,38.95,35,20,618.0072,622
03/13/17,19:20:27,38.95,35,20,619.1245,625
03/13/17,19:20:28,38.94,35,20,620.6957,625
03/13/17,19:20:29,38.94,35,20,621.4767,630
03/13/17,19:20:30,38.94,35,20,622.5778,625
03/13/17,19:20:31,38.94,35,20,624.347,641
03/13/17,19:20:32,38.93,35,20,627.2181,633
03/13/17,19:20:33,38.92,35,20,631.0831,647
03/13/17,19:20:34,38.92,35,20,634.0587,644
03/13/17,19:20:35,38.92,35,20,637.7864,653
03/13/17,19:20:36,38.92,35,20,641.7112,662
03/13/17,19:20:37,38.92,35,20,643.8823,646
03/13/17,19:20:38,38.96,35,20,645.1192,652
03/13/17,19:20:39,38.92,35,20,646.3018,649
03/13/17,19:20:40,38.92,35,20,647.3553,654
03/13/17,19:20:41,38.92,35,20,648.846,664
03/13/17,19:20:42,38.91,35,20,650.8177,660
03/13/17,19:20:43,38.89,35,20,652.7233,675
03/13/17,19:20:44,38.87,35,20,656.147,663
03/13/17,19:20:45,38.86,35,20,656.7434,661
03/13/17,19:20:46,38.87,35,20,657.2578,650
03/13/17,19:20:47,38.86,35,20,657.6008,660
03/13/17,19:20:48,38.82,35,20,659.1616,668
03/13/17,19:20:49,38.82,35,20,660.3411,660
03/13/17,19:20:50,38.76,35,20,659.7764,660
03/13/17,19:20:51,38.72,35,20,658.0253,641
03/13/17,19:20:52,38.71,35,20,656.3978,654
03/13/17,19:20:53,38.71,35,20,655.9924,649
03/13/17,19:20:54,38.76,35,20,654.9596,647
03/13/17,19:20:55,38.66,35,20,654.2586,652
03/13/17,19:20:56,38.64,35,20,652.864,638
03/13/17,19:20:57,38.62,35,20,652.4563,658
03/13/17,19:20:58,38.67,35,20,653.6456,647
03/13/17,19:20:59,38.55,35,20,653.3961,649
03/13/17,19:21:00,38.55,35,20,653.8801,658
03/13/17,19:21:01,38.52,35,20,654.9687,651
03/13/17,19:21:02,38.52,35,20,655.5317,659
03/13/17,19:21:03,38.46,35,20,654.9005,638
03/13/17,19:21:04,38.39,35,20,653.8647,647
03/13/17,19:21:05,38.39,35,20,653.7634,653
03/13/17,19:21:06,38.41,35,20,653.6271,646
03/13/17,19:21:07,38.4,35,20,653.7091,656
03/13/17,19:21:08,38.38,35,20,654.2465,646
03/13/17,19:21:09,38.36,35,20,653.7104,648
03/13/17,19:21:10,38.41,35,20,654.2473,661
03/13/17,19:21:11,38.3,35,20,656.9946,666
03/13/17,19:21:12,38.28,35,20,657.8627,664
03/13/17,19:21:13,38.27,35,20,657.741,649
03/13/17,19:21:14,38.33,35,20,657.7805,665
03/13/17,19:21:15,38.24,35,20,658.6773,657
03/13/17,19:21:16,38.22,35,20,658.0959,657
03/13/17,19:21:17,38.21,35,20,657.9675,666
03/13/17,19:21:18,38.22,35,20,657.3552,653
03/13/17,19:21:19,38.18,35,20,656.651,666
03/13/17,19:21:20,38.15,35,20,657.5015,656
03/13/17,19:21:21,38.15,35,20,656.8947,657
03/13/17,19:21:22,38.13,35,20,655.9786,646
03/13/17,19:21:23,38.12,35,20,655.178,649
03/13/17,19:21:24,38.12,35,20,653.7994,648
03/13/17,19:21:25,38.08,35,20,652.483,648
03/13/17,19:21:26,38.13,35,20,652.2421,661
03/13/17,19:21:27,38.05,35,20,652.1176,645
03/13/17,19:21:28,38.07,35,20,652.0655,658
03/13/17,19:21:29,38.02,35,20,652.9472,655
03/13/17,19:21:30,38.09,35,20,653.3132,647
03/13/17,19:21:31,38,35,20,653.0732,661
03/13/17,19:21:32,38,35,20,654.398,650
03/13/17,19:21:33,37.99,35,20,654.6038,656
03/13/17,19:21:34,38.07,35,20,654.5145,646
03/13/17,19:21:35,37.98,35,20,654.8192,657
03/13/17,19:21:36,37.95,35,20,655.3551,662
03/13/17,19:21:37,37.93,35,20,656.0168,656
03/13/17,19:21:38,37.97,35,20,657.6207,673
03/13/17,19:21:39,37.89,35,20,658.7862,653
03/13/17,19:21:40,37.87,35,20,658.3783,655
03/13/17,19:21:41,37.86,35,20,656.2425,644
03/13/17,19:21:42,37.89,35,20,652.4229,633
03/13/17,19:21:43,37.82,35,20,649.5463,647
03/13/17,19:21:44,37.8,35,20,647.7816,634
03/13/17,19:21:45,37.73,35,20,645.844,645
03/13/17,19:21:46,37.79,35,20,644.678,643
03/13/17,19:21:47,37.73,35,20,645.0635,651
03/13/17,19:21:48,37.68,35,20,645.934,665
03/13/17,19:21:49,37.64,35,20,648.3359,658
03/13/17,19:21:50,37.64,35,20,650.0218,665
03/13/17,19:21:51,37.53,35,20,650.9982,653
03/13/17,19:21:52,37.54,35,20,651.4644,658
03/13/17,19:21:53,37.51,35,20,651.9716,663
03/13/17,19:21:54,37.53,35,20,652.5671,659
03/13/17,19:21:55,37.4,35,20,653.4915,667
03/13/17,19:21:56,37.29,35,20,653.8592,655
03/13/17,19:21:57,37.26,35,20,654.2744,658
03/13/17,19:21:58,37.3,35,20,654.3235,647
03/13/17,19:21:59,37.24,35,20,653.4674,646
03/13/17,19:22:00,37.2,35,20,652.7058,650
03/13/17,19:22:01,37.15,35,20,652.1245,650
03/13/17,19:22:02,37.13,35,20,652.1869,664
03/13/17,19:22:03,37.1,35,20,651.9315,648
03/13/17,19:22:04,37.06,35,20,651.6444,657
03/13/17,19:22:05,37.02,35,20,650.9808,650
03/13/17,19:22:06,36.93,35,20,650.9943,654
03/13/17,19:22:07,36.81,35,20,651.6953,669
03/13/17,19:22:08,36.85,35,20,653.0604,654
03/13/17,19:22:09,36.85,35,20,653.0233,655
03/13/17,19:22:10,36.87,35,20,651.9969,643
03/13/17,19:22:11,36.72,35,20,651.3223,649
03/13/17,19:22:12,36.65,35,20,650.6395,657
03/13/17,19:22:13,36.59,35,20,650.6939,647
03/13/17,19:22:14,36.56,35,20,650.3569,658
03/13/17,19:22:15,36.52,35,20,650.6142,650
03/13/17,19:22:16,36.48,35,20,651.082,650
03/13/17,19:22:17,36.47,35,20,651.8047,659
03/13/17,19:22:18,36.44,35,20,652.1031,658
03/13/17,19:22:19,36.29,35,20,651.8317,649
03/13/17,19:22:20,36.25,35,20,652.7573,663
03/13/17,19:22:21,36.22,35,20,653.382,650
03/13/17,19:22:22,36.13,35,20,653.6754,654
03/13/17,19:22:23,36.06,35,20,653.3276,655
03/13/17,19:22:24,36.05,35,20,653.1354,652
03/13/17,19:22:25,36.02,35,20,652.914,656
03/13/17,19:22:26,35.94,35,20,652.3086,642
03/13/17,19:22:27,35.86,35,20,651.5721,649
03/13/17,19:22:28,35.78,35,20,650.9319,648
03/13/17,19:22:29,35.75,35,20,650.67,652
03/13/17,19:22:30,35.81,35,20,650.4669,660
03/13/17,19:22:31,35.7,35,20,651.5203,657
03/13/17,19:22:32,35.68,35,20,652.8381,658
03/13/17,19:22:33,35.57,35,20,651.0607,636
03/13/17,19:22:34,35.55,35,20,650.0944,649
03/13/17,19:22:35,35.39,35,20,650.2052,645
03/13/17,19:22:36,35.36,35,20,650.6232,649
03/13/17,19:22:37,35.32,35,20,651.5111,661
03/13/17,19:22:38,35.32,35,20,652.2838,652
03/13/17,19:22:39,35.29,35,20,653.2607,666
03/13/17,19:22:40,35.2,35,20,653.8948,647
03/13/17,19:22:41,35.21,35,20,653.3729,648
03/13/17,19:22:42,35.15,35,20,651.7973,649
03/13/17,19:22:43,35.15,35,20,651.8613,651
03/13/17,19:22:44,35.1,35,20,652.3179,662
03/13/17,19:22:45,35.05,35,20,653.2246,655
03/13/17,19:22:46,35.02,35,20,655.3656,668
03/13/17,19:22:47,34.92,35,20,656.6691,660
03/13/17,19:22:48,34.91,35,20,657.4341,655
03/13/17,19:22:49,34.82,35,20,656.463,658
03/13/17,19:22:50,34.84,35,20,655.1514,642
03/13/17,19:22:51,34.69,35,20,653.544,648
03/13/17,19:22:52,34.63,35,20,652.474,647
03/13/17,19:22:53,34.6,35,20,651.7705,642
03/13/17,19:22:54,34.6,35,20,649.893,648
03/13/17,19:22:55,34.5,35,20,648.3217,636
03/13/17,19:22:56,34.5,35,20,648.2996,660
03/13/17,19:22:57,34.47,35,20,649.3294,648
03/13/17,19:22:58,34.51,35,20,650.8179,660
03/13/17,19:22:59,34.41,35,20,652.5955,661
03/13/17,19:23:00,34.36,35,20,653.6515,657
03/13/17,19:23:01,34.23,35,20,654.9013,668
03/13/17,19:23:02,34.22,35,20,655.8928,655
03/13/17,19:23:03,34.17,35,20,657.6206,668
03/13/17,19:23:04,34.15,35,20,658.4332,658
03/13/17,19:23:05,34.11,35,20,657.6975,650
03/13/17,19:23:06,34.16,35,20,657.0113,666
03/13/17,19:23:07,34.02,35,20,657.2952,649
03/13/17,19:23:08,33.93,35,20,656.2947,652
03/13/17,19:23:09,33.84,35,20,654.0945,638
03/13/17,19:23:10,33.9,35,20,652.5432,648
03/13/17,19:23:11,33.81,35,20,652.9007,651
03/13/17,19:23:12,33.77,35,20,653.0612,650
03/13/17,19:23:13,33.76,35,20,653.6935,657
03/13/17,19:23:14,33.79,35,20,652.9867,641
03/13/17,19:23:15,33.7,35,20,652.0436,653
03/13/17,19:23:16,33.7,35,20,650.8599,641
03/13/17,19:23:17,33.64,35,20,650.7593,652
03/13/17,19:23:18,33.67,35,20,651.3591,658
03/13/17,19:23:19,33.51,35,20,652.5789,657
03/13/17,19:23:20,33.51,35,20,655.0624,676
03/13/17,19:23:21,33.45,35,20,657.3717,662
03/13/17,19:23:22,33.44,35,20,658.2097,657
03/13/17,19:23:23,33.37,35,20,657.0918,647
03/13/17,19:23:24,33.26,35,20,654.5683,640
03/13/17,19:23:25,33.27,35,20,653.158,656
03/13/17,19:23:26,33.31,35,20,652.6968,650
03/13/17,19:23:27,33.25,35,20,653.9277,667
03/13/17,19:23:28,33.2,35,20,654.9554,653
03/13/17,19:23:29,33.21,35,20,655.9213,663
03/13/17,19:23:30,33.26,35,20,657.4803,671
03/13/17,19:23:31,33.18,35,20,659.2474,660
03/13/17,19:23:32,33.12,35,20,658.2857,653
03/13/17,19:23:33,33.02,35,20,655.454,633
03/13/17,19:23:34,32.94,35,20,652.6721,642
03/13/17,19:23:35,32.88,35,20,650.8887,649
03/13/17,19:23:36,32.86,35,20,651.4448,651
03/13/17,19:23:37,32.84,35,20,651.7481,661
03/13/17,19:23:38,32.84,35,20,652.8697,652
03/13/17,19:23:39,32.8,35,20,654.1213,661
03/13/17,19:23:40,32.79,35,20,655.0764,661
03/13/17,19:23:41,32.77,35,20,656.2867,656
03/13/17,19:23:42,32.83,35,20,656.8958,669
03/13/17,19:23:43,32.75,35,20,657.5958,653
03/13/17,19:23:44,32.72,35,20,656.9663,653
03/13/17,19:23:45,32.69,35,20,655.6953,648
03/13/17,19:23:46,32.7,35,20,654.4249,645
03/13/17,19:23:47,32.61,35,20,653.1076,639
03/13/17,19:23:48,32.58,35,20,651.0004,638
03/13/17,19:23:49,32.55,35,20,650.6511,656
03/13/17,19:23:50,32.54,35,20,651.7413,654
03/13/17,19:23:51,32.51,35,20,654.2747,670
03/13/17,19:23:52,32.5,35,20,654.7193,649
03/13/17,19:23:53,32.47,35,20,655.028,655
03/13/17,19:23:54,32.49,35,20,654.4008,654
03/13/17,19:23:55,32.4,35,20,653.7995,646
03/13/17,19:23:56,32.4,35,20,652.3873,653
03/13/17,19:23:57,32.33,35,20,650.7881,639
03/13/17,19:23:58,32.31,35,20,650.0407,649
03/13/17,19:23:59,32.23,35,20,648.9902,641
03/13/17,19:24:00,32.24,35,20,648.3688,642
03/13/17,19:24:01,32.25,35,20,647.2331,652
03/13/17,19:24:02,32.23,35,20,647.2875,644
03/13/17,19:24:03,32.17,35,20,648.9016,665
03/13/17,19:24:04,32.13,35,20,650.4041,650
03/13/17,19:24:05,32.15,35,20,651.1925,653
03/13/17,19:24:06,32.14,35,20,650.8814,652
03/13/17,19:24:07,32.11,35,20,650.5944,649
03/13/17,19:24:08,32.09,35,20,651.1833,657
03/13/17,19:24:09,32.06,35,20,650.9143,640
03/13/17,19:24:10,32.03,35,20,650.3776,650
03/13/17,19:24:11,32,35,20,650.7935,657
03/13/17,19:24:12,31.96,35,20,651.3945,648
03/13/17,19:24:13,31.94,35,20,650.6049,653
03/13/17,19:24:14,31.92,35,20,650.0352,640
03/13/17,19:24:15,31.89,35,20,650.431,657
03/13/17,19:24:16,31.88,35,20,650.9133,651
03/13/17,19:24:17,31.88,35,20,650.8668,649
03/13/17,19:24:18,31.88,35,20,650.3163,652
03/13/17,19:24:19,31.85,35,20,649.2703,641
03/13/17,19:24:20,31.82,35,20,648.4258,647
03/13/17,19:24:21,31.8,35,20,647.9662,644
03/13/17,19:24:22,31.76,35,20,647.1482,643
03/13/17,19:24:23,31.73,35,20,647.019,638
03/13/17,19:24:24,31.72,35,20,645.9024,637
03/13/17,19:24:25,31.7,35,20,646.4044,658
03/13/17,19:24:26,31.67,35,20,648.548,652
03/13/17,19:24:27,31.66,35,20,649.7411,657
03/13/17,19:24:28,31.64,35,20,649.6382,653
03/13/17,19:24:29,31.66,35,20,650.3101,657
03/13/17,19:24:30,31.63,35,20,651.574,659
03/13/17,19:24:31,31.6,35,20,653.6655,664
03/13/17,19:24:32,31.6,35,20,655.6763,670
03/13/17,19:24:33,31.57,35,20,655.6207,644
03/13/17,19:24:34,31.57,35,20,654.6506,653
03/13/17,19:24:35,31.51,35,20,653.6179,644
03/13/17,19:24:36,31.47,35,20,652.4769,646
03/13/17,19:24:37,31.46,35,20,650.7894,652
03/13/17,19:24:38,31.47,35,20,650.4034,645
03/13/17,19:24:39,31.47,35,20,650.5672,656
03/13/17,19:24:40,31.47,35,20,650.4368,644
03/13/17,19:24:41,31.44,35,20,651.1962,657
03/13/17,19:24:42,31.4,35,20,651.6061,656
03/13/17,19:24:43,31.38,35,20,651.9318,649
03/13/17,19:24:44,31.35,35,20,651.5685,654
03/13/17,19:24:45,31.36,35,20,651.3721,646
03/13/17,19:24:46,31.31,35,20,651.5753,650
03/13/17,19:24:47,31.29,35,20,650.0262,643
03/13/17,19:24:48,31.26,35,20,648.2983,639
03/13/17,19:24:49,31.24,35,20,647.3709,651
03/13/17,19:24:50,31.22,35,20,646.9377,638
03/13/17,19:24:51,31.22,35,20,646.4965,648
03/13/17,19:24:52,31.18,35,20,646.5083,643
03/13/17,19:24:53,31.18,35,20,645.5955,637
03/13/17,19:24:54,31.17,35,20,645.1228,654
03/13/17,19:24:55,31.15,35,20,645.189,641
03/13/17,19:24:56,31.13,35,20,645.6364,651
03/13/17,19:24:57,31.12,35,20,646.4596,648
03/13/17,19:24:58,31.1,35,20,647.6436,653
03/13/17,19:24:59,31.09,35,20,648.1748,644
03/13/17,19:25:00,31.07,35,20,648.9116,649
03/13/17,19:25:01,31.08,35,20,648.574,649
03/13/17,19:25:02,31.02,35,20,648.7657,645
03/13/17,19:25:03,31,35,20,649.5498,658
03/13/17,19:25:04,31,35,20,649.9415,655
03/13/17,19:25:05,31.06,35,20,650.1244,648
03/13/17,19:25:06,30.98,35,20,648.205,635
03/13/17,19:25:07,30.97,35,20,646.2749,641
03/13/17,19:25:08,30.94,35,20,646.2019,654
03/13/17,19:25:09,30.97,35,20,646.199,641
03/13/17,19:25:10,30.91,35,20,646.2213,648
03/13/17,19:25:11,30.92,35,20,646.283,646
03/13/17,19:25:12,30.87,35,20,646.6341,645
03/13/17,19:25:13,30.89,35,20,645.9877,648
03/13/17,19:25:14,30.89,35,20,644.9494,634
03/13/17,19:25:15,30.89,35,20,643.5087,644
03/13/17,19:25:16,30.87,35,20,643.5959,641
03/13/17,19:25:17,30.83,35,20,643.9253,647
03/13/17,19:25:18,30.86,35,20,644.1073,652
03/13/17,19:25:19,30.86,35,20,644.5786,641
03/13/17,19:25:20,30.83,35,20,645.9094,655
03/13/17,19:25:21,30.81,35,20,647.0748,656
03/13/17,19:25:22,30.8,35,20,647.8162,645
03/13/17,19:25:23,30.82,35,20,647.9476,656
03/13/17,19:25:24,30.77,35,20,648.0309,639
03/13/17,19:25:25,30.73,35,20,648.303,655
03/13/17,19:25:26,30.71,35,20,649.3627,657
03/13/17,19:25:27,30.74,35,20,651.1099,656
03/13/17,19:25:28,30.67,35,20,651.504,659
03/13/17,19:25:29,30.64,35,20,651.4192,642
03/13/17,19:25:30,30.62,35,20,651.3705,657
03/13/17,19:25:31,30.64,35,20,651.6809,649
03/13/17,19:25:32,30.62,35,20,651.2773,644
03/13/17,19:25:33,30.63,35,20,649.571,650
03/13/17,19:25:34,30.63,35,20,648.9326,641
03/13/17,19:25:35,30.65,35,20,648.2212,650
03/13/17,19:25:36,30.62,35,20,648.7188,654
03/13/17,19:25:37,30.62,35,20,650.9269,666
03/13/17,19:25:38,30.62,35,20,651.8762,660
03/13/17,19:25:39,30.64,35,20,652.6193,657
03/13/17,19:25:40,30.58,35,20,652.9026,661
03/13/17,19:25:41,30.53,35,20,653.2505,650
03/13/17,19:25:42,30.54,35,20,652.2906,653
03/13/17,19:25:43,30.54,35,20,651.3544,642
03/13/17,19:25:44,30.53,35,20,651.5063,657
03/13/17,19:25:45,30.53,35,20,652.1501,656
03/13/17,19:25:46,30.53,35,20,653.2677,652
03/13/17,19:25:47,30.51,35,20,651.8961,650
03/13/17,19:25:48,30.54,35,20,649.7455,629
03/13/17,19:25:49,30.52,35,20,647.0756,640
03/13/17,19:25:50,30.49,35,20,645.6229,642
03/13/17,19:25:51,30.49,35,20,646.1021,646
03/13/17,19:25:52,30.48,35,20,646.0309,652
03/13/17,19:25:53,30.48,35,20,645.8143,643
03/13/17,19:25:54,30.47,35,20,646.0696,652
03/13/17,19:25:55,30.45,35,20,646.0005,635
03/13/17,19:25:56,30.42,35,20,645.339,646
03/13/17,19:25:57,30.4,35,20,646.5092,660
03/13/17,19:25:58,30.38,35,20,647.8856,644
03/13/17,19:25:59,30.38,35,20,647.3936,650
03/13/17,19:26:00,30.36,35,20,647.1749,641
03/13/17,19:26:01,30.34,35,20,646.8647,646
03/13/17,19:26:02,30.32,35,20,646.348,644
03/13/17,19:26:03,30.32,35,20,645.7523,640
03/13/17,19:26:04,30.32,35,20,644.5538,645
03/13/17,19:26:05,30.32,35,20,643.7306,637
03/13/17,19:26:06,30.32,35,20,643.9346,647
03/13/17,19:26:07,30.3,35,20,643.7712,642
03/13/17,19:26:08,30.28,35,20,644.1068,641
03/13/17,19:26:09,30.29,35,20,643.004,647
03/13/17,19:26:10,30.3,35,20,642.8953,636
03/13/17,19:26:11,30.29,35,20,642.8006,655
03/13/17,19:26:12,30.27,35,20,644.1812,645
03/13/17,19:26:13,30.27,35,20,645.6006,657
03/13/17,19:26:14,30.26,35,20,645.5652,650
03/13/17,19:26:15,30.27,35,20,646.1011,650
03/13/17,19:26:16,30.25,35,20,646.6149,658
03/13/17,19:26:17,30.24,35,20,648.3948,655
03/13/17,19:26:18,30.22,35,20,649.2427,653
03/13/17,19:26:19,30.24,35,20,649.8986,645
03/13/17,19:26:20,30.21,35,20,649.7408,649
03/13/17,19:26:21,30.24,35,20,649.062,644
03/13/17,19:26:22,30.19,35,20,647.994,639
03/13/17,19:26:23,30.21,35,20,646.8805,653
03/13/17,19:26:24,30.16,35,20,647.6014,644
03/13/17,19:26:25,30.18,35,20,647.1522,647
03/13/17,19:26:26,30.23,35,20,646.5901,641
03/13/17,19:26:27,30.17,35,20,646.0793,644
03/13/17,19:26:28,30.16,35,20,645.7118,648
03/13/17,19:26:29,30.15,35,20,645.0027,637
03/13/17,19:26:30,30.15,35,20,644.3232,648
03/13/17,19:26:31,30.14,35,20,643.98,634
03/13/17,19:26:32,30.12,35,20,643.6843,644
03/13/17,19:26:33,30.14,35,20,644.3799,655
03/13/17,19:26:34,30.14,35,20,645.7098,646
03/13/17,19:26:35,30.14,35,20,646.7855,657
03/13/17,19:26:36,30.13,35,20,646.8892,637
03/13/17,19:26:37,30.12,35,20,646.6064,646
03/13/17,19:26:38,30.12,35,20,645.7145,643
03/13/17,19:26:39,30.12,35,20,646.2006,647
03/13/17,19:26:40,30.12,35,20,645.8493,648
03/13/17,19:26:41,30.13,35,20,645.4888,644
03/13/17,19:26:42,30.18,35,20,647.4651,663
03/13/17,19:26:43,30.14,35,20,648.904,647
03/13/17,19:26:44,30.13,35,20,649.4463,650
03/13/17,19:26:45,30.12,35,20,649.5602,656
03/13/17,19:26:46,30.13,35,20,649.6152,646
03/13/17,19:26:47,30.11,35,20,650.4186,661
03/13/17,19:26:48,30.09,35,20,651.0601,648
03/13/17,19:26:49,30.07,35,20,651.0441,660
03/13/17,19:26:50,30.05,35,20,652.603,664
03/13/17,19:26:51,30.04,35,20,653.1713,655
03/13/17,19:26:52,30.02,35,20,652.7614,655
03/13/17,19:26:53,30.01,35,20,650.7898,634
03/13/17,19:26:54,30.01,35,20,648.4643,637
03/13/17,19:26:55,30,35,20,645.9633,631
03/13/17,19:26:56,30,35,20,645.3223,646
03/13/17,19:26:57,30.01,35,20,644.6037,638
03/13/17,19:26:58,30.05,35,20,643.5248,639
03/13/17,19:26:59,30.01,35,20,643.6453,653
03/13/17,19:27:00,29.99,35,20,644.0115,638
03/13/17,19:27:01,30.03,35,20,643.1057,644
03/13/17,19:27:02,29.99,35,20,642.8602,639
03/13/17,19:27:03,30,35,20,643.1017,645
03/13/17,19:27:04,29.99,35,20,643.5132,650
03/13/17,19:27:05,29.98,35,20,642.8281,630
03/13/17,19:27:06,30,35,20,641.5947,644
03/13/17,19:27:07,29.93,35,20,641.2522,633
03/13/17,19:27:08,29.93,35,20,640.912,641
03/13/17,19:27:09,29.93,35,20,641.2902,648
03/13/17,19:27:10,29.92,35,20,641.134,634
03/13/17,19:27:11,29.91,35,20,640.9016,649
03/13/17,19:27:12,29.9,35,20,641.0005,635
03/13/17,19:27:13,29.9,35,20,641.7715,651
03/13/17,19:27:14,29.98,35,20,643.2534,651
03/13/17,19:27:15,29.89,35,20,644.6134,648
03/13/17,19:27:16,29.88,35,20,645.8469,658
03/13/17,19:27:17,29.88,35,20,645.6533,634
03/13/17,19:27:18,29.96,35,20,644.2464,641
03/13/17,19:27:19,29.89,35,20,643.4519,637
03/13/17,19:27:20,29.89,35,20,643.2283,642
03/13/17,19:27:21,29.9,35,20,642.9442,649
03/13/17,19:27:22,29.96,35,20,643.7702,649
03/13/17,19:27:23,29.91,35,20,646.1187,663
03/13/17,19:27:24,29.9,35,20,648.1935,651
03/13/17,19:27:25,29.9,35,20,649.5768,661
03/13/17,19:27:26,29.9,35,20,650.2505,657
03/13/17,19:27:27,29.87,35,20,650.4441,653
03/13/17,19:27:28,29.85,35,20,650.4634,654
03/13/17,19:27:29,29.83,35,20,650.0624,645
03/13/17,19:27:30,29.89,35,20,649.385,646
03/13/17,19:27:31,29.8,35,20,648.1757,632
03/13/17,19:27:32,29.81,35,20,646.7936,644
03/13/17,19:27:33,29.81,35,20,645.6268,637
03/13/17,19:27:34,29.87,35,20,644.6001,641
03/13/17,19:27:35,29.82,35,20,644.2335,648
03/13/17,19:27:36,29.8,35,20,644.2504,641
03/13/17,19:27:37,29.83,35,20,644.4691,651
03/13/17,19:27:38,29.86,35,20,646.0666,653
03/13/17,19:27:39,29.82,35,20,648.4056,656
03/13/17,19:27:40,29.82,35,20,648.5139,652
03/13/17,19:27:41,29.81,35,20,647.6782,636
03/13/17,19:27:42,29.89,35,20,646.877,653
03/13/17,19:27:43,29.8,35,20,647.184,641
03/13/17,19:27:44,29.79,35,20,647.9145,656
03/13/17,19:27:45,29.79,35,20,648.7855,655
03/13/17,19:27:46,29.8,35,20,649.0639,642
03/13/17,19:27:47,29.77,35,20,648.4053,651
03/13/17,19:27:48,29.77,35,20,647.116,633
03/13/17,19:27:49,29.79,35,20,646.3169,646
03/13/17,19:27:50,29.86,35,20,645.2197,641
03/13/17,19:27:51,29.8,35,20,644.9589,643
03/13/17,19:27:52,29.79,35,20,645.1328,655
03/13/17,19:27:53,29.78,35,20,645.7628,642
03/13/17,19:27:54,29.87,35,20,646.6017,654
03/13/17,19:27:55,29.78,35,20,646.3859,642
03/13/17,19:27:56,29.78,35,20,646.9112,651
03/13/17,19:27:57,29.78,35,20,647.5309,657
03/13/17,19:27:58,29.85,35,20,648.5181,649
03/13/17,19:27:59,29.77,35,20,648.9112,655
03/13/17,19:28:00,29.76,35,20,648.67,643
03/13/17,19:28:01,29.77,35,20,648.9659,651
03/13/17,19:28:02,29.8,35,20,649.1896,657
03/13/17,19:28:03,29.76,35,20,650.6687,658
03/13/17,19:28:04,29.78,35,20,649.9579,649
03/13/17,19:28:05,29.77,35,20,648.7841,644
03/13/17,19:28:06,29.83,35,20,648.5272,650
03/13/17,19:28:07,29.78,35,20,648.3571,639
03/13/17,19:28:08,29.78,35,20,647.3552,639
03/13/17,19:28:09,29.78,35,20,646.2518,639
03/13/17,19:28:10,29.86,35,20,644.9783,638
03/13/17,19:28:11,29.76,35,20,644.5211,652
03/13/17,19:28:12,29.75,35,20,644.5918,641
03/13/17,19:28:13,29.74,35,20,645.553,658
03/13/17,19:28:14,29.82,35,20,646.3306,646
03/13/17,19:28:15,29.71,35,20,646.8525,647
03/13/17,19:28:16,29.69,35,20,646.795,655
03/13/17,19:28:17,29.69,35,20,647.8702,648
03/13/17,19:28:18,29.69,35,20,648.7953,662
03/13/17,19:28:19,29.7,35,20,649.9883,643
03/13/17,19:28:20,29.69,35,20,648.8889,641
03/13/17,19:28:21,29.7,35,20,646.9797,640
03/13/17,19:28:22,29.72,35,20,645.0651,632
03/13/17,19:28:23,29.7,35,20,643.7043,649
03/13/17,19:28:24,29.7,35,20,643.6855,636
03/13/17,19:28:25,29.71,35,20,643.6702,649
03/13/17,19:28:26,29.74,35,20,644.0511,646
03/13/17,19:28:27,29.71,35,20,645.3044,652
03/13/17,19:28:28,29.72,35,20,646.2878,657
03/13/17,19:28:29,29.72,35,20,646.0251,636
03/13/17,19:28:30,29.77,35,20,645.9626,651
03/13/17,19:28:31,29.71,35,20,645.8715,641
